S.No,PM2.5,NO2,SO2,OZONE,AQI,Date
1,370,51,7,29,370,01-Jan-2018
2,143,36,6,28,143,02-Jan-2018
3,432,51,7,12,432,03-Jan-2018
4,421,41,6,12,421,04-Jan-2018
5,425,55,7,22,425,05-Jan-2018
6,374,44,7,17,374,06-Jan-2018
7,411,64,11,22,411,07-Jan-2018
8,422,74,9,22,422,08-Jan-2018
9,424,49,5,20,424,09-Jan-2018
10,415,52,8,13,415,10-Jan-2018
11,395,47,6,20,395,11-Jan-2018
12,416,57,10,18,416,12-Jan-2018
13,414,49,6,22,414,13-Jan-2018
14,432,76,16,31,432,14-Jan-2018
15,407,75,14,31,407,15-Jan-2018
16,347,66,10,40,347,16-Jan-2018
17,352,53,7,18,352,17-Jan-2018
18,402,57,7,32,402,18-Jan-2018
19,457,42,7,22,457,19-Jan-2018
20,385,37,9,24,385,20-Jan-2018
21,349,31,8,41,349,21-Jan-2018
22,377,36,9,35,377,22-Jan-2018
23,432,41,11,28,432,23-Jan-2018
24,316,26,9,21,316,24-Jan-2018
25,326,20,9,16,326,25-Jan-2018
26,359,27,9,24,359,26-Jan-2018
27,336,21,8,22,336,27-Jan-2018
28,375,33,8,27,375,28-Jan-2018
29,380,33,8,27,380,29-Jan-2018
30,342,32,8,37,342,30-Jan-2018
31,271,20,9,41,271,31-Jan-2018
32,311,28,8,33,311,01-Feb-2018
33,319,25,9,42,319,02-Feb-2018
34,366,43,10,29,366,03-Feb-2018
35,377,62,11,58,377,04-Feb-2018
36,302,47,8,76,302,05-Feb-2018
37,306,58,13,58,306,06-Feb-2018
38,308,48,13,44,308,07-Feb-2018
39,298,58,15,64,298,08-Feb-2018
40,267,56,17,63,267,09-Feb-2018
41,281,66,16,58,281,10-Feb-2018
42,280,88,18,31,280,11-Feb-2018
43,331,72,13,35,331,12-Feb-2018
44,192,35,9,36,192,13-Feb-2018
45,185,36,10,42,185,14-Feb-2018
46,150,39,11,45,150,15-Feb-2018
47,236,52,13,50,236,16-Feb-2018
48,249,45,13,51,249,17-Feb-2018
49,293,69,14,44,293,18-Feb-2018
50,278,70,13,56,278,19-Feb-2018
51,258,67,16,62,258,20-Feb-2018
52,314,93,31,47,314,21-Feb-2018
53,338,96,28,37,338,22-Feb-2018
54,334,88,24,185,334,23-Feb-2018
55,359,79,22,43,359,24-Feb-2018
56,351,45,14,39,351,25-Feb-2018
57,302,29,13,52,302,26-Feb-2018
58,231,43,15,51,213,27-Feb-2018
59,273,61,16,55,273,28-Feb-2018
60,309,64,15,54,309,01-Mar-2018
61,324,52,15,57,324,02-Mar-2018
62,244,28,12,63,244,03-Mar-2018
63,264,61,12,48,264,04-Mar-2018
64,198,41,11,47,198,05-Mar-2018
65,149,37,12,66,149,06-Mar-2018
66,185,43,14,66,185,07-Mar-2018
67,215,,,115,,08-Mar-2018
68,265,81,16,71,265,09-Mar-2018
69,262,53,17,65,262,10-Mar-2018
70,216,51,15,63,216,11-Mar-2018
71,272,64,17,66,272,12-Mar-2018
72,256,52,17,59,256,13-Mar-2018
73,302,90,20,176,302,14-Mar-2018
74,317,88,18,51,317,15-Mar-2018
75,275,54,12,71,275,16-Mar-2018
76,246,46,14,68,246,17-Mar-2018
77,172,43,13,82,172,18-Mar-2018
78,216,54,14,88,216,19-Mar-2018
79,264,62,16,71,264,20-Mar-2018
80,286,75,24,55,286,21-Mar-2018
81,252,65,14,94,252,22-Mar-2018
82,241,49,16,76,241,23-Mar-2018
83,201,55,15,95,201,24-Mar-2018
84,210,65,17,107,210,25-Mar-2018
85,158,61,14,77,158,26-Mar-2018
86,235,71,18,75,235,27-Mar-2018
87,292,104,21,75,292,28-Mar-2018
88,291,94,21,62,291,29-Mar-2018
89,259,99,22,33,259,30-Mar-2018
90,156,51,9,29,156,31-Mar-2018
91,120,53,8,28,120,01-Apr-2018
92,225,79,9,29,225,02-Apr-2018
93,268,109,11,27,268,03-Apr-2018
94,273,101,13,33,273,04-Apr-2018
95,187,70,9,28,187,05-Apr-2018
96,174,68,8,23,174,06-Apr-2018
97,184,59,5,25,184,07-Apr-2018
98,135,71,6,22,135,08-Apr-2018
99,232,76,7,32,232,09-Apr-2018
100,125,61,5,22,125,10-Apr-2018
101,176,78,6,16,176,11-Apr-2018
102,96,57,4,20,96,12-Apr-2018
103,113,65,7,25,113,13-Apr-2018
104,182,85,10,28,182,14-Apr-2018
105,238,89,13,24,238,15-Apr-2018
106,236,96,9,20,236,16-Apr-2018
107,275,97,11,34,275,17-Apr-2018
108,307,81,11,29,307,18-Apr-2018
109,267,66,11,33,267,19-Apr-2018
110,325,95,13,19,325,20-Apr-2018
111,230,65,6,64,230,21-Apr-2018
112,302,52,9,87,302,22-Apr-2018
113,217,62,10,84,217,23-Apr-2018
114,275,87,13,96,275,24-Apr-2018
115,282,113,20,70,282,25-Apr-2018
116,289,99,20,21,289,26-Apr-2018
117,243,50,5,22,243,27-Apr-2018
118,263,55,6,24,263,28-Apr-2018
119,249,57,6,27,249,29-Apr-2018
120,215,,,23,,30-Apr-2018
121,122,49,3,19,122,01-May-2018
122,136,53,4,22,136,02-May-2018
123,166,52,4,18,166,03-May-2018
124,63,50,3,25,63,04-May-2018
125,146,58,4,15,146,05-May-2018
126,232,68,3,27,232,06-May-2018
127,273,61,4,25,273,07-May-2018
128,315,107,6,26,315,08-May-2018
129,253,54,5,30,253,09-May-2018
130,218,53,4,34,218,10-May-2018
131,259,88,10,41,259,11-May-2018
132,303,62,7,22,303,12-May-2018
133,238,50,3,20,238,13-May-2018
134,172,45,3,12,172,14-May-2018
135,93,50,3,8,93,15-May-2018
136,177,58,3,11,177,16-May-2018
137,228,49,4,8,228,17-May-2018
138,284,43,3,8,284,18-May-2018
139,280,51,4,12,280,19-May-2018
140,351,52,4,4,351,20-May-2018
141,397,69,5,7,397,21-May-2018
142,355,85,5,5,355,22-May-2018
143,309,57,4,25,309,23-May-2018
144,275,49,4,25,275,24-May-2018
145,329,56,4,19,329,25-May-2018
146,326,88,5,56,326,26-May-2018
147,308,68,5,14,308,27-May-2018
148,282,56,4,20,282,28-May-2018
149,99,13,4,21,99,29-May-2018
150,244,53,4,16,244,30-May-2018
151,218,56,4,19,218,31-May-2018
152,198,45,4,20,198,01-Jun-2018
153,136,44,3,17,136,02-Jun-2018
154,298,45,4,22,298,03-Jun-2018
155,231,44,4,20,231,04-Jun-2018
156,196,45,4,23,196,05-Jun-2018
157,245,44,3,25,245,06-Jun-2018
158,254,53,3,26,254,07-Jun-2018
159,216,67,5,13,216,08-Jun-2018
160,120,52,4,37,120,09-Jun-2018
161,190,55,4,18,190,10-Jun-2018
162,163,62,5,29,163,11-Jun-2018
163,284,77,4,23,284,12-Jun-2018
164,332,70,5,11,332,13-Jun-2018
165,345,67,4,11,345,14-Jun-2018
166,350,63,8,14,350,15-Jun-2018
167,332,46,7,10,332,16-Jun-2018
168,360,47,8,10,360,17-Jun-2018
169,279,48,8,31,307,18-Jun-2018
170,218,49,7,20,218,19-Jun-2018
171,226,65,8,22,226,20-Jun-2018
172,269,69,11,21,269,21-Jun-2018
173,250,61,7,32,250,22-Jun-2018
174,232,56,8,23,232,23-Jun-2018
175,186,45,7,24,186,24-Jun-2018
176,174,59,8,24,174,25-Jun-2018
177,238,64,8,24,238,26-Jun-2018
178,140,50,8,15,140,27-Jun-2018
179,48,41,7,57,57,28-Jun-2018
180,54,37,7,27,54,29-Jun-2018
181,73,42,7,6,73,30-Jun-2018
182,75,43,8,85,85,01-Jul-2018
183,132,47,8,37,132,02-Jul-2018
184,96,46,8,61,96,03-Jul-2018
185,55,44,8,102,102,04-Jul-2018
186,65,40,8,29,65,05-Jul-2018
187,93,44,7,19,93,06-Jul-2018
188,192,61,8,9,192,07-Jul-2018
189,43,,,,,08-Jul-2018
190,50,,,7,,09-Jul-2018
191,61,36,7,47,61,10-Jul-2018
192,59,35,7,85,85,11-Jul-2018
193,58,40,7,5,58,12-Jul-2018
194,38,41,8,3,48,13-Jul-2018
195,54,42,7,3,54,14-Jul-2018
196,56,37,9,13,56,15-Jul-2018
197,62,38,8,5,62,16-Jul-2018
198,83,38,7,7,83,17-Jul-2018
199,59,37,7,29,59,18-Jul-2018
200,287,37,7,26,287,19-Jul-2018
201,78,42,8,6,78,20-Jul-2018
202,57,43,8,13,57,21-Jul-2018
203,54,40,8,4,54,22-Jul-2018
204,37,39,7,3,39,23-Jul-2018
205,46,40,8,3,46,24-Jul-2018
206,56,40,7,15,56,25-Jul-2018
207,33,37,7,7,37,26-Jul-2018
208,66,42,8,38,66,27-Jul-2018
209,73,39,8,1,73,28-Jul-2018
210,87,44,8,9,87,29-Jul-2018
211,54,41,8,5,54,30-Jul-2018
212,21,33,7,9,33,31-Jul-2018
213,20,35,8,2,35,01-Aug-2018
214,70,38,8,41,70,02-Aug-2018
215,94,45,8,1,94,03-Aug-2018
216,160,51,8,5,160,04-Aug-2018
217,,,,5,,05-Aug-2018
218,275,46,8,9,275,06-Aug-2018
219,244,41,9,3,244,07-Aug-2018
220,61,40,7,5,61,08-Aug-2018
221,80,38,11,13,80,09-Aug-2018
222,111,48,9,11,111,10-Aug-2018
223,140,53,7,27,140,11-Aug-2018
224,49,54,7,2,54,12-Aug-2018
225,53,72,6,2,72,13-Aug-2018
226,50,55,6,5,55,14-Aug-2018
227,96,49,7,5,96,15-Aug-2018
228,37,37,7,7,37,16-Aug-2018
229,46,37,8,5,46,17-Aug-2018
230,69,38,8,3,69,18-Aug-2018
231,78,42,6,5,78,19-Aug-2018
232,64,40,8,4,64,20-Aug-2018
233,53,38,5,1,53,21-Aug-2018
234,51,33,7,25,51,22-Aug-2018
235,75,35,,9,75,23-Aug-2018
236,41,40,5,15,41,24-Aug-2018
237,40,62,6,13,62,25-Aug-2018
238,96,44,6,4,96,26-Aug-2018
239,62,,6,,62,27-Aug-2018
240,61,41,6,7,61,28-Aug-2018
241,53,39,6,3,53,29-Aug-2018
242,59,45,6,6,59,30-Aug-2018
243,40,50,,12,50,31-Aug-2018
244,47,43,8,25,47,01-Sep-2018
245,32,,,,,02-Sep-2018
246,55,,,16,,03-Sep-2018
247,66,,,,,04-Sep-2018
248,33,40,8,22,40,05-Sep-2018
249,58,45,8,16,58,06-Sep-2018
250,80,47,7,18,80,07-Sep-2018
251,51,37,3,19,51,08-Sep-2018
252,73,48,5,11,73,09-Sep-2018
253,84,46,5,20,84,10-Sep-2018
254,95,47,6,26,95,11-Sep-2018
255,106,46,6,28,106,12-Sep-2018
256,122,49,5,23,122,13-Sep-2018
257,132,29,7,27,132,14-Sep-2018
258,123,54,7,38,123,15-Sep-2018
259,161,45,6,12,161,16-Sep-2018
260,159,40,6,9,159,17-Sep-2018
261,184,32,6,16,184,18-Sep-2018
262,212,48,8,12,213,19-Sep-2018
263,222,71,8,10,222,20-Sep-2018
264,88,29,4,7,88,21-Sep-2018
265,40,19,4,9,40,22-Sep-2018
266,69,22,4,9,69,23-Sep-2018
267,150,42,4,14,150,24-Sep-2018
268,108,54,5,7,108,25-Sep-2018
269,62,31,4,7,62,26-Sep-2018
270,126,39,5,12,126,27-Sep-2018
271,149,50,6,17,149,28-Sep-2018
272,236,54,5,11,236,29-Sep-2018
273,172,50,4,14,172,30-Sep-2018
274,220,44,5,36,220,01-Oct-2018
275,215,54,4,39,215,02-Oct-2018
276,222,46,5,32,222,03-Oct-2018
277,244,71,7,19,244,04-Oct-2018
278,219,72,5,26,219,05-Oct-2018
279,251,79,8,36,251,06-Oct-2018
280,258,90,12,25,258,07-Oct-2018
281,259,79,12,25,259,08-Oct-2018
282,259,76,12,25,259,09-Oct-2018
283,238,49,13,26,238,10-Oct-2018
284,257,49,19,19,257,11-Oct-2018
285,156,46,12,17,156,12-Oct-2018
286,101,52,12,17,101,13-Oct-2018
287,207,53,12,35,207,14-Oct-2018
288,298,68,12,39,298,15-Oct-2018
289,279,82,12,35,279,16-Oct-2018
290,288,82,12,41,288,17-Oct-2018
291,294,85,12,41,294,18-Oct-2018
292,319,86,4,13,319,19-Oct-2018
293,303,65,4,15,303,20-Oct-2018
294,322,84,4,16,322,21-Oct-2018
295,293,57,4,19,293,22-Oct-2018
296,285,90,28,16,285,23-Oct-2018
297,342,89,24,28,342,24-Oct-2018
298,340,113,69,16,340,25-Oct-2018
299,329,93,14,22,329,26-Oct-2018
300,304,97,22,19,304,27-Oct-2018
301,317,88,22,17,317,28-Oct-2018
302,279,98,,16,279,29-Oct-2018
303,348,68,16,42,348,30-Oct-2018
304,281,86,9,20,281,31-Oct-2018
305,282,79,11,31,282,01-Nov-2018
306,347,101,16,32,347,02-Nov-2018
307,345,102,5,35,345,03-Nov-2018
308,313,79,5,42,313,04-Nov-2018
309,310,74,9,36,310,05-Nov-2018
310,316,61,6,47,316,06-Nov-2018
311,322,72,15,67,322,07-Nov-2018
312,431,97,29,27,431,08-Nov-2018
313,392,82,18,37,392,09-Nov-2018
314,407,94,15,30,407,10-Nov-2018
315,393,108,16,18,393,11-Nov-2018
316,377,100,7,17,377,12-Nov-2018
317,406,116,13,17,406,13-Nov-2018
318,370,112,14,18,370,14-Nov-2018
319,361,80,11,15,361,15-Nov-2018
320,304,64,3,21,304,16-Nov-2018
321,274,63,14,30,274,17-Nov-2018
322,381,102,20,25,381,18-Nov-2018
323,376,101,17,31,376,19-Nov-2018
324,397,132,19,25,397,20-Nov-2018
325,416,117,20,22,416,21-Nov-2018
326,352,91,18,40,352,22-Nov-2018
327,315,89,19,54,315,23-Nov-2018
328,332,64,19,48,332,24-Nov-2018
329,323,87,18,24,323,25-Nov-2018
330,380,91,20,21,380,26-Nov-2018
331,397,116,23,15,397,27-Nov-2018
332,403,112,16,16,403,28-Nov-2018
333,331,84,14,14,331,29-Nov-2018
334,366,81,11,22,366,30-Nov-2018
335,392,89,13,22,392,01-Dec-2018
336,363,113,18,14,363,02-Dec-2018
337,359,87,13,21,359,03-Dec-2018
338,384,100,15,21,384,04-Dec-2018
339,392,85,17,28,392,05-Dec-2018
340,391,97,16,23,391,06-Dec-2018
341,368,93,14,29,368,07-Dec-2018
342,358,84,13,42,358,08-Dec-2018
343,355,101,10,19,355,09-Dec-2018
344,360,85,14,12,360,10-Dec-2018
345,354,104,10,14,354,11-Dec-2018
346,356,108,11,8,356,12-Dec-2018
347,312,,,,,13-Dec-2018
348,246,55,8,12,246,14-Dec-2018
349,239,59,9,18,239,15-Dec-2018
350,210,72,11,24,210,16-Dec-2018
351,266,77,11,16,266,17-Dec-2018
352,350,97,14,26,350,18-Dec-2018
353,310,82,9,40,310,19-Dec-2018
354,366,93,13,46,366,20-Dec-2018
355,376,88,14,73,376,21-Dec-2018
356,394,98,14,55,394,22-Dec-2018
357,422,102,17,56,422,23-Dec-2018
358,343,87,9,54,343,24-Dec-2018
359,363,77,13,56,363,25-Dec-2018
360,330,80,12,57,330,26-Dec-2018
361,354,86,22,55,354,27-Dec-2018
362,332,,,92,,28-Dec-2018
363,362,60,30,62,362,29-Dec-2018
364,414,83,47,73,414,30-Dec-2018
365,416,85,43,76,416,31-Dec-2018
366,417,97,48,63,417,01-Jan-2019
367,459,97,55,42,459,02-Jan-2019
368,345,98,37,58,345,03-Jan-2019
369,317,73,15,58,317,04-Jan-2019
370,385,83,21,45,385,05-Jan-2019
371,353,67,16,57,353,06-Jan-2019
372,166,37,11,38,166,07-Jan-2019
373,167,56,17,57,167,08-Jan-2019
374,310,55,10,57,310,09-Jan-2019
375,251,60,16,75,251,10-Jan-2019
376,326,85,22,26,326,11-Jan-2019
377,386,86,14,35,386,12-Jan-2019
378,401,96,14,36,401,13-Jan-2019
379,,,,48,,14-Jan-2019
380,138,50,9,34,138,15-Jan-2019
381,345,95,13,37,345,16-Jan-2019
382,375,92,14,30,375,17-Jan-2019
383,350,82,11,46,350,18-Jan-2019
384,310,83,12,41,310,19-Jan-2019
385,317,91,16,48,317,20-Jan-2019
386,389,102,20,42,389,21-Jan-2019
387,329,47,9,68,329,22-Jan-2019
388,289,51,11,39,289,23-Jan-2019
389,176,56,13,27,176,24-Jan-2019
390,282,65,16,16,282,25-Jan-2019
391,116,34,5,21,116,26-Jan-2019
392,74,36,7,33,74,27-Jan-2019
393,173,51,9,38,173,28-Jan-2019
394,130,59,14,68,130,29-Jan-2019
395,241,66,11,41,241,30-Jan-2019
396,316,95,17,15,316,31-Jan-2019
397,260,77,10,18,260,01-Feb-2019
398,308,86,14,20,308,02-Feb-2019
399,282,49,8,15,262,03-Feb-2019
400,167,51,13,17,167,04-Feb-2019
401,296,70,8,16,286,05-Feb-2019
402,382,83,17,8,382,06-Feb-2019
403,216,51,5,14,261,07-Feb-2019
404,117,40,8,12,117,08-Feb-2019
405,231,50,10,19,231,09-Feb-2019
406,190,41,10,22,190,10-Feb-2019
407,222,53,11,24,222,11-Feb-2019
408,201,70,11,18,201,12-Feb-2019
409,,90,15,37,,13-Feb-2019
410,384,73,16,7,384,14-Feb-2019
411,281,41,6,14,281,15-Feb-2019
412,82,25,7,19,82,16-Feb-2019
413,,,,30,,17-Feb-2019
414,142,32,9,24,142,18-Feb-2019
415,165,56,10,20,165,19-Feb-2019
416,,,,24,,20-Feb-2019
417,152,58,10,14,152,21-Feb-2019
418,135,65,14,26,135,22-Feb-2019
419,168,24,10,35,168,23-Feb-2019
420,58,32,11,38,98,24-Feb-2019
421,146,196,,16,196,25-Feb-2019
422,,,,57,,26-Feb-2019
423,,,,,,27-Feb-2019
424,,,,,,28-Feb-2019
425,,,,37,,01-Mar-2019
426,234,146,12,21,234,02-Mar-2019
427,,,,16,,03-Mar-2019
428,115,53,10,17,115,04-Mar-2019
429,139,,10,22,139,05-Mar-2019
430,107,80,8,30,107,06-Mar-2019
431,122,65,14,42,122,07-Mar-2019
432,194,,15,40,194,08-Mar-2019
433,173,76,12,30,173,09-Mar-2019
434,126,81,14,33,126,10-Mar-2019
435,152,82,14,36,152,11-Mar-2019
436,227,85,15,27,227,12-Mar-2019
437,,,,72,,13-Mar-2019
438,178,82,13,25,178,14-Mar-2019
439,146,60,12,36,146,15-Mar-2019
440,82,,11,36,82,16-Mar-2019
441,120,43,13,41,120,17-Mar-2019
442,227,42,16,36,227,18-Mar-2019
443,182,42,15,41,182,19-Mar-2019
444,247,49,19,37,247,20-Mar-2019
445,190,64,14,32,190,21-Mar-2019
446,10,54,13,31,110,22-Mar-2019
447,101,,9,48,101,23-Mar-2019
448,138,27,14,31,138,24-Mar-2019
449,238,105,14,34,238,25-Mar-2019
450,212,124,15,26,212,26-Mar-2019
451,137,122,14,34,137,27-Mar-2019
452,215,116,17,39,215,28-Mar-2019
453,260,227,20,55,260,29-Mar-2019
454,288,,15,48,288,30-Mar-2019
455,271,224,16,31,271,31-Mar-2019
456,165,223,11,43,223,01-Apr-2019
457,235,261,15,35,261,02-Apr-2019
458,233,121,18,60,233,03-Apr-2019
459,267,163,9,36,267,04-Apr-2019
460,257,96,7,24,257,05-Apr-2019
461,234,88,4,14,234,06-Apr-2019
462,162,88,4,20,162,07-Apr-2019
463,79,95,4,23,95,08-Apr-2019
464,149,95,4,31,149,09-Apr-2019
465,195,96,4,33,195,10-Apr-2019
466,199,92,4,44,199,11-Apr-2019
467,274,98,4,25,274,12-Apr-2019
468,301,107,4,50,301,13-Apr-2019
469,225,104,,43,225,14-Apr-2019
470,234,108,4,51,234,15-Apr-2019
471,264,102,4,36,264,16-Apr-2019
472,122,101,4,21,122,17-Apr-2019
473,67,,3,39,67,18-Apr-2019
474,76,93,4,37,93,19-Apr-2019
475,167,,4,43,167,20-Apr-2019
476,224,,5,44,224,21-Apr-2019
477,251,101,6,45,251,22-Apr-2019
478,289,101,4,28,289,23-Apr-2019
479,248,101,3,33,248,24-Apr-2019
480,,95,4,41,,25-Apr-2019
481,,,21,33,,26-Apr-2019
482,108,,8,31,108,27-Apr-2019
483,394,,12,33,394,28-Apr-2019
484,374,,12,35,374,29-Apr-2019
485,350,96,18,43,350,30-Apr-2019
486,310,92,10,15,310,01-May-2019
487,277,,3,15,277,02-May-2019
488,75,,9,13,75,03-May-2019
489,188,,3,8,188,04-May-2019
490,114,91,6,58,114,05-May-2019
491,81,86,6,83,86,06-May-2019
492,69,102,6,84,102,07-May-2019
493,130,,9,69,130,08-May-2019
494,228,99,6,63,228,09-May-2019
495,174,,9,51,174,10-May-2019
496,204,88,17,59,204,11-May-2019
497,102,78,8,80,102,12-May-2019
498,113,77,4,41,113,13-May-2019
499,149,87,5,60,149,14-May-2019
500,163,40,5,66,163,15-May-2019
501,207,38,7,56,207,16-May-2019
502,188,38,5,59,188,17-May-2019
503,214,38,6,31,214,18-May-2019
504,127,38,5,46,127,19-May-2019
505,224,38,5,70,224,20-May-2019
506,239,38,10,83,239,21-May-2019
507,234,,6,75,234,22-May-2019
508,179,,8,57,179,23-May-2019
509,117,41,5,33,117,24-May-2019
510,139,38,3,45,139,25-May-2019
511,119,38,3,57,119,26-May-2019
512,183,38,4,59,183,27-May-2019
513,166,37,7,77,166,28-May-2019
514,217,11,7,151,217,29-May-2019
515,267,11,6,51,267,30-May-2019
516,305,11,3,21,305,31-May-2019
517,201,11,4,57,201,01-Jun-2019
518,181,10,5,51,181,02-Jun-2019
519,192,12,5,65,192,03-Jun-2019
520,131,10,5,54,131,04-Jun-2019
521,266,10,4,54,166,05-Jun-2019
522,184,11,4,59,184,06-Jun-2019
523,90,10,3,46,90,07-Jun-2019
524,83,10,5,61,83,08-Jun-2019
525,135,10,4,64,135,09-Jun-2019
526,146,11,4,52,146,10-Jun-2019
527,131,11,4,56,131,11-Jun-2019
528,104,10,5,48,104,12-Jun-2019
529,144,10,5,64,144,13-Jun-2019
530,159,10,4,16,159,14-Jun-2019
531,195,24,5,66,195,15-Jun-2019
532,200,30,4,44,200,16-Jun-2019
533,128,20,4,39,128,17-Jun-2019
534,137,20,4,45,137,18-Jun-2019
535,96,21,4,31,96,19-Jun-2019
536,67,21,5,42,67,20-Jun-2019
537,76,20,3,46,76,21-Jun-2019
538,166,21,5,37,166,22-Jun-2019
539,49,21,3,32,49,23-Jun-2019
540,,,,61,,24-Jun-2019
541,88,21,8,46,88,25-Jun-2019
542,59,41,9,36,59,26-Jun-2019
543,102,50,10,33,102,27-Jun-2019
544,184,40,8,57,184,28-Jun-2019
545,185,52,7,45,185,29-Jun-2019
546,189,31,8,51,189,30-Jun-2019
547,95,29,7,58,95,01-Jul-2019
548,111,30,8,53,111,02-Jul-2019
549,43,26,8,37,58,03-Jul-2019
550,47,26,8,30,49,04-Jul-2019
551,56,29,6,46,56,05-Jul-2019
552,52,38,14,,200,06-Jul-2019
553,35,37,7,31,59,07-Jul-2019
554,25,36,9,27,60,08-Jul-2019
555,21,34,7,13,46,09-Jul-2019
556,22,39,7,20,39,10-Jul-2019
557,54,38,9,18,54,11-Jul-2019
558,,,,26,,12-Jul-2019
559,103,36,12,21,103,13-Jul-2019
560,101,31,12,22,101,14-Jul-2019
561,141,34,13,24,141,15-Jul-2019
562,61,32,14,23,61,16-Jul-2019
563,56,31,10,34,59,17-Jul-2019
564,68,34,10,22,67,18-Jul-2019
565,105,36,12,13,105,19-Jul-2019
566,99,31,14,39,99,20-Jul-2019
567,82,31,11,10,82,21-Jul-2019
568,52,29,11,19,84,22-Jul-2019
569,87,29,13,16,87,23-Jul-2019
570,53,31,9,16,54,24-Jul-2019
571,26,32,8,14,50,25-Jul-2019
572,32,28,9,30,42,26-Jul-2019
573,33,29,16,29,37,27-Jul-2019
574,35,26,9,23,61,28-Jul-2019
575,31,26,9,15,42,29-Jul-2019
576,31,34,8,12,59,30-Jul-2019
577,45,26,9,15,45,31-Jul-2019
578,58,26,11,18,58,01-Aug-2019
579,62,25,9,34,62,02-Aug-2019
580,65,27,11,33,65,03-Aug-2019
581,69,28,11,32,69,04-Aug-2019
582,60,29,10,46,60,05-Aug-2019
583,46,30,11,22,53,06-Aug-2019
584,34,32,8,16,100,07-Aug-2019
585,71,39,10,38,89,08-Aug-2019
586,41,37,8,28,92,09-Aug-2019
587,64,41,10,25,84,10-Aug-2019
588,85,35,10,28,85,11-Aug-2019
589,91,37,11,28,95,12-Aug-2019
590,41,35,8,30,92,13-Aug-2019
591,42,35,6,21,42,14-Aug-2019
592,38,35,5,44,44,15-Aug-2019
593,38,37,5,27,48,16-Aug-2019
594,28,36,5,30,43,17-Aug-2019
595,39,35,4,16,39,18-Aug-2019
596,53,35,5,20,53,19-Aug-2019
597,41,39,5,18,41,20-Aug-2019
598,64,36,5,23,64,21-Aug-2019
599,44,35,5,21,63,22-Aug-2019
600,41,34,3,38,52,23-Aug-2019
601,61,33,8,37,61,24-Aug-2019
602,35,34,6,22,35,25-Aug-2019
603,35,38,6,24,45,26-Aug-2019
604,62,35,8,30,62,27-Aug-2019
605,54,35,8,33,54,28-Aug-2019
606,48,31,7,32,54,29-Aug-2019
607,63,30,2,32,63,30-Aug-2019
608,,,,,,31-Aug-2019
609,66,31,8,35,66,01-Sep-2019
610,57,35,9,34,57,02-Sep-2019
611,57,22,8,32,57,03-Sep-2019
612,58,31,9,30,58,04-Sep-2019
613,47,23,8,40,47,05-Sep-2019
614,60,15,8,32,60,06-Sep-2019
615,51,12,9,22,51,07-Sep-2019
616,38,12,7,22,38,08-Sep-2019
617,40,22,8,18,40,09-Sep-2019
618,62,12,9,48,72,10-Sep-2019
619,74,12,6,31,74,11-Sep-2019
620,83,12,10,19,83,12-Sep-2019
621,41,12,5,19,69,13-Sep-2019
622,39,12,7,22,59,14-Sep-2019
623,50,12,6,17,63,15-Sep-2019
624,35,12,5,22,84,16-Sep-2019
625,54,13,4,19,77,17-Sep-2019
626,44,20,7,32,53,18-Sep-2019
627,23,20,7,30,64,19-Sep-2019
628,36,20,7,18,37,20-Sep-2019
629,52,21,5,15,64,21-Sep-2019
630,52,23,7,27,63,22-Sep-2019
631,32,23,6,28,60,23-Sep-2019
632,53,23,7,18,53,24-Sep-2019
633,52,23,7,17,52,25-Sep-2019
634,30,21,3,16,90,26-Sep-2019
635,17,26,2,19,65,27-Sep-2019
636,18,26,9,18,101,28-Sep-2019
637,13,26,1,20,41,29-Sep-2019
638,15,26,2,20,37,30-Sep-2019
639,41,26,2,19,56,01-Oct-2019
640,52,26,3,19,58,02-Oct-2019
641,58,24,3,19,80,03-Oct-2019
642,60,24,3,13,75,04-Oct-2019
643,93,24,1,18,93,05-Oct-2019
644,116,24,2,21,116,06-Oct-2019
645,186,24,1,20,186,07-Oct-2019
646,177,24,5,20,177,08-Oct-2019
647,184,24,4,23,184,09-Oct-2019
648,139,23,4,25,139,10-Oct-2019
649,125,23,5,21,125,11-Oct-2019
650,90,23,6,18,90,12-Oct-2019
651,84,24,2,20,84,13-Oct-2019
652,101,24,5,22,101,14-Oct-2019
653,96,21,6,16,96,15-Oct-2019
654,94,21,5,20,94,16-Oct-2019
655,,21,10,63,,17-Oct-2019
656,244,20,6,23,244,18-Oct-2019
657,164,29,7,15,164,19-Oct-2019
658,288,28,8,32,288,20-Oct-2019
659,284,28,6,39,284,21-Oct-2019
660,319,28,6,16,319,22-Oct-2019
661,332,19,10,19,332,23-Oct-2019
662,318,19,7,17,318,24-Oct-2019
663,291,31,5,44,291,25-Oct-2019
664,163,35,8,29,163,26-Oct-2019
665,187,93,7,16,187,27-Oct-2019
666,212,109,6,14,212,28-Oct-2019
667,270,92,4,15,270,29-Oct-2019
668,283,96,4,17,283,30-Oct-2019
669,227,84,6,19,327,31-Oct-2019
670,370,68,7,17,370,01-Nov-2019
671,449,42,11,26,449,02-Nov-2019
672,,,,,,03-Nov-2019
673,437,36,4,23,437,04-Nov-2019
674,448,30,7,39,448,05-Nov-2019
675,358,26,10,40,358,06-Nov-2019
676,345,25,9,36,345,07-Nov-2019
677,351,23,17,35,351,08-Nov-2019
678,352,22,19,41,352,09-Nov-2019
679,312,21,15,26,312,10-Nov-2019
680,291,17,6,34,291,11-Nov-2019
681,300,13,7,48,300,12-Nov-2019
682,364,11,9,45,364,13-Nov-2019
683,325,15,17,43,325,14-Nov-2019
684,340,19,11,29,340,15-Nov-2019
685,290,19,13,33,290,16-Nov-2019
686,293,18,9,30,293,17-Nov-2019
687,201,18,3,38,201,18-Nov-2019
688,315,79,8,21,315,19-Nov-2019
689,313,115,5,53,313,20-Nov-2019
690,335,19,8,42,335,21-Nov-2019
691,328,14,8,24,328,22-Nov-2019
692,335,15,4,20,335,23-Nov-2019
693,290,30,8,23,290,24-Nov-2019
694,283,,10,13,283,25-Nov-2019
695,393,34,9,15,393,26-Nov-2019
696,401,19,9,37,401,27-Nov-2019
697,416,24,5,50,416,28-Nov-2019
698,248,36,6,40,248,29-Nov-2019
699,232,41,10,33,232,30-Nov-2019
700,213,39,7,41,213,01-Dec-2019
701,232,38,9,65,232,02-Dec-2019
702,305,42,7,65,305,03-Dec-2019
703,284,58,8,166,284,04-Dec-2019
704,321,73,17,46,321,05-Dec-2019
705,375,70,13,39,375,06-Dec-2019
706,286,53,15,26,286,07-Dec-2019
707,334,53,18,27,334,08-Dec-2019
708,301,52,7,40,301,09-Dec-2019
709,291,54,10,20,291,10-Dec-2019
710,368,68,16,19,368,11-Dec-2019
711,352,68,11,16,352,12-Dec-2019
712,322,31,4,15,322,13-Dec-2019
713,99,15,4,20,99,14-Dec-2019
714,144,29,8,13,144,15-Dec-2019
715,105,28,5,14,111,16-Dec-2019
716,158,22,4,18,158,17-Dec-2019
717,147,16,4,20,147,18-Dec-2019
718,199,32,,11,299,19-Dec-2019
719,351,55,5,13,351,20-Dec-2019
720,400,83,6,13,400,21-Dec-2019
721,412,78,7,14,412,22-Dec-2019
722,322,,4,8,322,23-Dec-2019
723,349,21,4,11,349,24-Dec-2019
724,326,18,5,10,326,25-Dec-2019
725,367,14,6,13,367,26-Dec-2019
726,300,23,5,44,300,27-Dec-2019
727,393,49,7,38,393,28-Dec-2019
728,296,44,4,41,296,29-Dec-2019
729,265,39,5,41,265,30-Dec-2019
730,261,56,7,38,261,31-Dec-2019
731,456,92,20,37,456,01-Jan-2020
732,361,73,,38,361,02-Jan-2020
733,199,57,14,37,199,03-Jan-2020
734,226,43,12,42,226,04-Jan-2020
735,197,38,11,48,197,05-Jan-2020
736,285,36,15,43,285,06-Jan-2020
737,238,42,15,34,238,07-Jan-2020
738,288,29,13,34,288,08-Jan-2020
739,78,19,11,36,78,09-Jan-2020
740,236,14,7,37,236,10-Jan-2020
741,346,58,7,41,346,11-Jan-2020
742,401,68,12,40,401,12-Jan-2020
743,389,66,12,39,389,13-Jan-2020
744,335,53,6,34,335,14-Jan-2020
745,362,88,12,32,362,15-Jan-2020
746,213,62,5,34,213,16-Jan-2020
747,132,41,7,37,132,17-Jan-2020
748,206,31,,54,206,18-Jan-2020
749,205,38,7,5,205,19-Jan-2020
750,290,42,5,6,290,20-Jan-2020
751,309,42,6,39,309,21-Jan-2020
752,390,69,14,43,390,22-Jan-2020
753,299,53,8,36,299,23-Jan-2020
754,199,42,6,51,199,24-Jan-2020
755,216,63,10,44,261,25-Jan-2020
756,349,69,8,36,349,26-Jan-2020
757,309,69,10,38,309,27-Jan-2020
758,,,,38,,28-Jan-2020
759,306,50,3,59,306,29-Jan-2020
760,179,29,4,56,179,30-Jan-2020
761,197,50,5,57,197,31-Jan-2020
762,287,69,6,36,287,01-Feb-2020
763,253,48,4,40,253,02-Feb-2020
764,295,56,7,38,295,03-Feb-2020
765,339,85,9,34,339,04-Feb-2020
766,323,72,5,41,323,05-Feb-2020
767,277,57,5,39,277,06-Feb-2020
768,319,57,7,37,319,07-Feb-2020
769,320,54,6,44,320,08-Feb-2020
770,,,,,,09-Feb-2020
771,345,79,7,38,345,10-Feb-2020
772,317,75,7,37,317,11-Feb-2020
773,340,73,8,49,340,12-Feb-2020
774,295,58,9,48,295,13-Feb-2020
775,279,48,8,37,279,14-Feb-2020
776,279,41,7,33,279,15-Feb-2020
777,269,65,9,27,269,16-Feb-2020
778,353,65,7,38,353,17-Feb-2020
779,310,56,7,42,310,18-Feb-2020
780,311,90,12,42,311,19-Feb-2020
781,249,69,8,45,249,20-Feb-2020
782,233,38,7,45,233,21-Feb-2020
783,121,25,5,35,121,22-Feb-2020
784,249,50,8,36,249,23-Feb-2020
785,304,60,7,39,304,24-Feb-2020
786,150,44,6,38,150,25-Feb-2020
787,120,40,3,36,120,26-Feb-2020
788,108,51,5,37,108,27-Feb-2020
789,165,59,6,36,165,28-Feb-2020
790,215,51,6,45,215,29-Feb-2020
791,180,53,5,34,180,01-Mar-2020
792,267,60,5,38,267,02-Mar-2020
793,213,50,5,38,213,03-Mar-2020
794,268,63,8,38,268,04-Mar-2020
795,187,52,5,40,187,05-Mar-2020
796,116,35,3,41,116,06-Mar-2020
797,60,23,4,37,60,07-Mar-2020
798,75,34,2,42,75,08-Mar-2020
799,155,31,,33,155,09-Mar-2020
800,266,46,6,9,286,10-Mar-2020
801,250,40,5,9,250,11-Mar-2020
802,,,,30,,12-Mar-2020
803,146,45,6,31,146,13-Mar-2020
804,96,30,5,24,96,14-Mar-2020
805,148,35,5,31,148,15-Mar-2020
806,122,25,5,14,122,16-Mar-2020
807,180,19,5,11,180,17-Mar-2020
808,208,,6,9,208,18-Mar-2020
809,268,,6,17,268,19-Mar-2020
810,311,18,6,48,311,20-Mar-2020
811,241,16,5,41,241,21-Mar-2020
812,90,17,4,42,90,22-Mar-2020
813,147,18,4,40,147,23-Mar-2020
814,234,18,5,38,234,24-Mar-2020
815,261,18,5,35,261,25-Mar-2020
816,96,18,5,37,96,26-Mar-2020
817,102,17,5,31,102,27-Mar-2020
818,84,19,5,38,84,28-Mar-2020
819,66,19,5,37,66,29-Mar-2020
820,70,18,5,35,70,30-Mar-2020
821,113,13,5,40,113,31-Mar-2020
822,154,40,5,38,154,01-Apr-2020
823,142,18,5,39,142,02-Apr-2020
824,160,22,5,38,107,03-Apr-2020
825,92,18,6,40,92,04-Apr-2020
826,139,20,5,37,139,05-Apr-2020
827,137,21,6,37,137,06-Apr-2020
828,98,21,6,36,98,07-Apr-2020
829,91,22,5,36,91,08-Apr-2020
830,140,21,6,52,140,09-Apr-2020
831,,,,50,,10-Apr-2020
832,146,21,6,50,146,11-Apr-2020
833,185,21,6,42,185,12-Apr-2020
834,85,26,6,10,85,13-Apr-2020
835,206,22,6,23,206,14-Apr-2020
836,173,21,6,16,173,15-Apr-2020
837,200,21,6,12,200,16-Apr-2020
838,234,21,7,10,234,17-Apr-2020
839,158,21,6,10,158,18-Apr-2020
840,95,21,6,9,95,19-Apr-2020
841,68,21,6,8,68,20-Apr-2020
842,44,22,5,11,55,21-Apr-2020
843,93,21,5,8,93,22-Apr-2020
844,142,21,7,13,142,23-Apr-2020
845,163,21,6,14,163,24-Apr-2020
846,162,21,5,10,162,25-Apr-2020
847,95,21,5,11,95,26-Apr-2020
848,46,21,5,12,55,27-Apr-2020
849,73,21,5,14,73,28-Apr-2020
850,62,21,5,11,62,29-Apr-2020
851,97,21,5,21,97,30-Apr-2020
852,97,21,5,28,97,01-May-2020
853,55,21,5,24,55,02-May-2020
854,59,21,5,27,59,03-May-2020
855,80,21,5,16,80,04-May-2020
856,83,21,5,12,83,05-May-2020
857,39,21,5,13,55,06-May-2020
858,89,21,5,25,59,07-May-2020
859,160,42,4,33,116,08-May-2020
860,154,28,3,32,154,09-May-2020
861,163,18,3,32,163,10-May-2020
862,228,16,4,27,228,11-May-2020
863,175,13,4,28,175,12-May-2020
864,230,,4,36,230,13-May-2020
865,124,23,4,9,124,14-May-2020
866,222,18,4,11,222,15-May-2020
867,172,28,5,7,172,16-May-2020
868,141,50,7,15,141,17-May-2020
869,186,33,8,8,186,18-May-2020
870,149,24,8,15,149,19-May-2020
871,226,28,5,12,226,20-May-2020
872,183,16,5,15,183,21-May-2020
873,217,20,8,8,217,22-May-2020
874,232,8,3,6,232,23-May-2020
875,199,,3,3,199,24-May-2020
876,275,13,5,3,275,25-May-2020
877,219,22,4,8,219,26-May-2020
878,251,11,7,9,251,27-May-2020
879,154,3,3,6,154,28-May-2020
880,74,2,2,3,74,29-May-2020
881,97,5,3,9,97,30-May-2020
882,71,,4,7,71,31-May-2020
883,87,,4,4,87,01-Jun-2020
884,119,21,5,10,119,02-Jun-2020
885,136,23,3,12,136,03-Jun-2020
886,175,23,4,7,175,04-Jun-2020
887,66,12,4,22,66,05-Jun-2020
888,42,30,3,6,55,06-Jun-2020
889,48,,3,5,55,07-Jun-2020
890,94,28,4,7,94,08-Jun-2020
891,192,31,5,11,192,09-Jun-2020
892,252,36,8,44,252,10-Jun-2020
893,213,31,7,38,213,11-Jun-2020
894,218,36,8,39,218,12-Jun-2020
895,126,29,10,37,126,13-Jun-2020
896,130,31,7,39,130,14-Jun-2020
897,88,33,11,39,88,15-Jun-2020
898,70,28,8,39,70,16-Jun-2020
899,57,31,10,40,57,17-Jun-2020
900,71,27,22,38,71,18-Jun-2020
901,70,13,6,45,70,19-Jun-2020
902,62,12,4,48,62,20-Jun-2020
903,43,12,4,48,55,21-Jun-2020
904,55,9,5,45,55,22-Jun-2020
905,46,12,4,48,55,23-Jun-2020
906,74,14,4,49,74,24-Jun-2020
907,129,15,4,47,129,25-Jun-2020
908,56,14,4,48,56,26-Jun-2020
909,77,19,4,46,77,27-Jun-2020
910,66,24,5,49,66,28-Jun-2020
911,84,14,4,48,84,29-Jun-2020
912,61,9,4,46,61,30-Jun-2020
913,76,9,4,46,76,01-Jul-2020
914,201,14,4,49,201,02-Jul-2020
915,178,,3,47,178,03-Jul-2020
916,155,19,3,48,155,04-Jul-2020
917,86,20,3,47,86,05-Jul-2020
918,248,21,3,47,248,06-Jul-2020
919,40,20,5,48,55,07-Jul-2020
920,46,22,3,48,55,08-Jul-2020
921,53,,4,49,55,09-Jul-2020
922,55,7,1,46,55,10-Jul-2020
923,62,10,1,50,62,11-Jul-2020
924,63,10,1,48,63,12-Jul-2020
925,61,8,1,50,61,13-Jul-2020
926,76,65,1,47,76,14-Jul-2020
927,109,91,3,49,109,15-Jul-2020
928,77,8,3,49,77,16-Jul-2020
929,100,40,5,49,100,17-Jul-2020
930,91,35,5,49,91,18-Jul-2020
931,64,24,5,47,64,19-Jul-2020
932,45,23,5,49,55,20-Jul-2020
933,40,16,5,49,55,21-Jul-2020
934,22,16,5,49,55,22-Jul-2020
935,59,26,5,33,59,23-Jul-2020
936,68,26,4,32,68,24-Jul-2020
937,,17,5,40,55,25-Jul-2020
938,76,15,4,42,76,26-Jul-2020
939,74,17,5,41,74,27-Jul-2020
940,60,24,5,28,65,28-Jul-2020
941,39,27,5,34,62,29-Jul-2020
942,47,17,7,38,193,30-Jul-2020
943,56,14,8,36,71,31-Jul-2020
944,54,17,7,37,148,01-Aug-2020
945,44,13,7,39,98,02-Aug-2020
946,65,16,8,40,118,03-Aug-2020
947,61,15,8,46,61,04-Aug-2020
948,57,15,7,35,90,05-Aug-2020
949,27,18,14,41,68,06-Aug-2020
950,26,11,4,43,77,07-Aug-2020
951,113,7,5,37,113,08-Aug-2020
952,143,7,7,31,143,09-Aug-2020
953,108,7,7,34,108,10-Aug-2020
954,88,6,6,40,97,11-Aug-2020
955,57,25,5,44,103,12-Aug-2020
956,34,16,8,44,51,13-Aug-2020
957,35,17,9,39,55,14-Aug-2020
958,54,19,10,45,63,15-Aug-2020
959,34,24,12,41,56,16-Aug-2020
960,27,15,8,51,54,17-Aug-2020
961,38,18,9,48,60,18-Aug-2020
962,69,22,9,47,70,19-Aug-2020
963,36,54,6,37,66,20-Aug-2020
964,27,29,7,47,68,21-Aug-2020
965,31,22,8,48,52,22-Aug-2020
966,41,20,6,38,55,23-Aug-2020
967,36,19,7,28,56,24-Aug-2020
968,50,22,7,34,69,25-Aug-2020
969,50,36,6,37,86,26-Aug-2020
970,50,29,4,40,65,27-Aug-2020
971,64,23,4,4,64,28-Aug-2020
972,78,13,4,47,78,29-Aug-2020
973,60,11,3,36,60,30-Aug-2020
974,74,11,3,51,74,31-Aug-2020
975,90,14,4,47,93,01-Sep-2020
976,101,54,4,59,109,02-Sep-2020
977,83,47,4,42,83,03-Sep-2020
978,115,50,3,43,115,04-Sep-2020
979,127,55,4,48,127,05-Sep-2020
980,123,52,4,50,123,06-Sep-2020
981,94,37,4,47,94,07-Sep-2020
982,114,56,4,42,114,08-Sep-2020
983,113,57,4,43,113,09-Sep-2020
984,121,53,4,46,121,10-Sep-2020
985,219,52,4,43,219,11-Sep-2020
986,115,43,4,35,115,12-Sep-2020
987,72,48,4,62,82,13-Sep-2020
988,82,43,4,57,93,14-Sep-2020
989,182,46,4,45,182,15-Sep-2020
990,231,54,3,33,231,16-Sep-2020
991,176,52,3,46,176,17-Sep-2020
992,272,56,6,72,272,18-Sep-2020
993,260,33,4,29,207,19-Sep-2020
994,116,42,4,26,116,20-Sep-2020
995,118,50,3,27,118,21-Sep-2020
996,64,39,3,37,83,22-Sep-2020
997,33,38,4,30,65,23-Sep-2020
998,23,34,4,45,149,24-Sep-2020
999,22,40,4,47,47,25-Sep-2020
1000,123,56,4,49,123,26-Sep-2020
1001,287,78,4,60,287,27-Sep-2020
1002,320,58,3,39,320,28-Sep-2020
1003,278,88,4,27,278,29-Sep-2020
1004,308,30,4,21,308,30-Sep-2020
1005,284,38,4,31,284,01-Oct-2020
1006,230,18,3,27,230,02-Oct-2020
1007,253,8,3,26,253,03-Oct-2020
1008,245,7,3,11,245,04-Oct-2020
1009,255,7,3,11,255,05-Oct-2020
1010,298,106,8,74,298,06-Oct-2020
1011,303,114,8,78,303,07-Oct-2020
1012,308,121,8,72,308,08-Oct-2020
1013,276,82,11,25,276,09-Oct-2020
1014,276,64,14,46,276,10-Oct-2020
1015,244,50,8,52,244,11-Oct-2020
1016,227,46,4,102,227,12-Oct-2020
1017,188,,14,56,188,13-Oct-2020
1018,219,22,9,84,219,14-Oct-2020
1019,,,,54,,15-Oct-2020
1020,253,80,4,71,253,16-Oct-2020
1021,292,60,4,64,292,17-Oct-2020
1022,294,82,4,62,294,18-Oct-2020
1023,324,80,4,57,324,19-Oct-2020
1024,310,75,4,75,310,20-Oct-2020
1025,328,82,5,67,328,21-Oct-2020
1026,,88,4,52,,22-Oct-2020
1027,318,87,3,43,318,23-Oct-2020
1028,,108,4,41,,24-Oct-2020
1029,349,68,4,61,356,25-Oct-2020
1030,361,46,3,59,361,26-Oct-2020
1031,361,56,5,56,361,27-Oct-2020
1032,345,46,6,44,345,28-Oct-2020
1033,331,63,5,26,331,29-Oct-2020
1034,275,74,5,39,283,30-Oct-2020
1035,264,78,5,39,279,31-Oct-2020
1036,333,76,3,55,369,01-Nov-2020
1037,346,74,3,39,371,02-Nov-2020
1038,390,92,6,77,390,03-Nov-2020
1039,381,116,10,49,381,04-Nov-2020
1040,332,95,4,62,391,05-Nov-2020
1041,445,96,3,61,475,06-Nov-2020
1042,416,98,4,46,460,07-Nov-2020
1043,387,83,,48,387,08-Nov-2020
1044,395,79,9,53,395,09-Nov-2020
1045,375,85,9,33,375,10-Nov-2020
1046,328,56,9,43,346,11-Nov-2020
1047,295,62,9,58,295,12-Nov-2020
1048,310,66,9,55,310,13-Nov-2020
1049,307,58,9,38,307,14-Nov-2020
1050,406,64,22,53,406,15-Nov-2020
1051,263,49,40,73,263,16-Nov-2020
1052,158,32,42,56,158,17-Nov-2020
1053,155,35,17,30,155,18-Nov-2020
1054,279,54,6,34,279,19-Nov-2020
1055,263,47,7,75,263,20-Nov-2020
1056,284,53,10,85,284,21-Nov-2020
1057,249,78,8,58,249,22-Nov-2020
1058,307,95,6,68,304,23-Nov-2020
1059,395,92,8,32,395,24-Nov-2020
1060,368,82,5,25,368,25-Nov-2020
1061,369,138,5,27,369,26-Nov-2020
1062,373,107,7,32,373,27-Nov-2020
1063,300,104,13,32,300,28-Nov-2020
1064,293,107,12,37,293,29-Nov-2020
1065,329,117,11,38,329,30-Nov-2020
1066,341,126,9,35,341,01-Dec-2020
1067,391,125,6,35,391,02-Dec-2020
1068,433,125,6,24,433,03-Dec-2020
1069,430,135,8,33,430,04-Dec-2020
1070,433,114,7,32,434,05-Dec-2020
1071,390,123,9,32,390,06-Dec-2020
1072,415,116,4,35,415,07-Dec-2020
1073,404,124,6,34,408,08-Dec-2020
1074,403,116,6,32,403,09-Dec-2020
1075,339,85,8,36,339,10-Dec-2020
1076,318,70,8,35,318,11-Dec-2020
1077,346,65,6,36,346,12-Dec-2020
1078,309,61,8,35,309,13-Dec-2020
1079,225,51,9,37,225,14-Dec-2020
1080,282,72,8,30,282,15-Dec-2020
1081,331,84,8,33,331,16-Dec-2020
1082,227,96,10,31,227,17-Dec-2020
1083,289,102,8,31,289,18-Dec-2020
1084,349,110,3,25,349,19-Dec-2020
1085,400,118,4,23,400,20-Dec-2020
1086,405,97,3,24,405,21-Dec-2020
1087,424,116,5,18,424,22-Dec-2020
1088,397,114,5,25,397,23-Dec-2020
1089,439,121,11,27,439,24-Dec-2020
1090,386,114,12,27,386,25-Dec-2020
1091,301,110,15,33,301,26-Dec-2020
1092,367,131,15,28,367,27-Dec-2020
1093,362,135,13,31,362,28-Dec-2020
1094,363,107,12,27,363,29-Dec-2020
1095,329,117,16,28,329,30-Dec-2020
1096,329,125,11,30,329,31-Dec-2020
1097,346,136,8,32,346,01-Jan-2021
1098,416,114,5,24,416,02-Jan-2021
1099,429,123,8,20,429,03-Jan-2021
1100,396,92,6,18,396,04-Jan-2021
1101,401,88,6,23,401,05-Jan-2021
1102,391,84,6,21,391,06-Jan-2021
1103,229,52,5,25,229,07-Jan-2021
1104,236,37,10,24,236,08-Jan-2021
1105,303,40,12,34,303,09-Jan-2021
1106,314,45,11,43,314,10-Jan-2021
1107,230,32,10,42,230,11-Jan-2021
1108,249,46,7,41,249,12-Jan-2021
1109,310,49,7,37,310,13-Jan-2021
1110,357,56,6,37,357,14-Jan-2021
1111,369,59,4,38,369,15-Jan-2021
1112,365,67,7,39,365,16-Jan-2021
1113,341,56,10,36,341,17-Jan-2021
1114,386,45,8,34,386,18-Jan-2021
1115,419,67,6,33,419,19-Jan-2021
1116,364,53,8,40,364,20-Jan-2021
1117,295,56,12,35,295,21-Jan-2021
1118,295,47,14,37,295,22-Jan-2021
1119,330,42,12,31,330,23-Jan-2021
1120,,,,33,,24-Jan-2021
1121,323,42,13,29,323,25-Jan-2021
1122,344,52,13,26,344,26-Jan-2021
1123,324,54,15,29,324,27-Jan-2021
1124,381,77,11,27,381,28-Jan-2021
1125,336,56,10,28,336,29-Jan-2021
1126,320,48,16,20,320,30-Jan-2021
1127,356,73,11,4,356,31-Jan-2021
1128,364,82,16,10,364,01-Feb-2021
1129,352,89,13,7,352,02-Feb-2021
1130,342,90,12,9,342,03-Feb-2021
1131,308,82,6,14,308,04-Feb-2021
1132,217,70,10,25,217,05-Feb-2021
1133,195,58,11,20,195,06-Feb-2021
1134,181,59,11,24,181,07-Feb-2021
1135,257,78,7,81,257,08-Feb-2021
1136,293,82,8,25,293,09-Feb-2021
1137,344,95,11,14,344,10-Feb-2021
1138,348,98,8,19,348,11-Feb-2021
1139,322,103,6,31,322,12-Feb-2021
1140,299,99,8,24,299,13-Feb-2021
1141,337,107,6,37,337,14-Feb-2021
1142,330,115,8,29,330,15-Feb-2021
1143,317,145,7,32,317,16-Feb-2021
1144,272,107,14,26,272,17-Feb-2021
1145,259,128,7,30,259,18-Feb-2021
1146,265,,15,,265,19-Feb-2021
1147,320,116,9,52,320,20-Feb-2021
1148,,107,13,39,198,21-Feb-2021
1149,250,93,10,58,250,22-Feb-2021
1150,316,108,13,68,316,23-Feb-2021
1151,259,115,11,48,259,24-Feb-2021
1152,217,139,12,29,217,25-Feb-2021
1153,195,120,9,22,195,26-Feb-2021
1154,217,130,19,23,217,27-Feb-2021
1155,210,98,15,52,210,28-Feb-2021
1156,206,104,20,55,206,01-Mar-2021
1157,139,90,17,47,139,02-Mar-2021
1158,176,87,13,46,176,03-Mar-2021
1159,240,165,11,42,240,04-Mar-2021
1160,216,268,11,41,268,05-Mar-2021
1161,179,105,11,50,179,06-Mar-2021
1162,188,102,16,50,188,07-Mar-2021
1163,124,67,8,47,124,08-Mar-2021
1164,161,38,7,46,161,09-Mar-2021
1165,324,52,8,41,324,10-Mar-2021
1166,306,44,7,30,306,11-Mar-2021
1167,286,48,9,49,286,12-Mar-2021
1168,142,54,15,47,142,13-Mar-2021
1169,169,55,15,50,169,14-Mar-2021
1170,193,50,15,57,193,15-Mar-2021
1171,235,52,17,41,235,16-Mar-2021
1172,268,45,14,52,312,17-Mar-2021
1173,358,81,12,58,358,18-Mar-2021
1174,337,62,11,52,337,19-Mar-2021
1175,278,41,16,54,278,20-Mar-2021
1176,249,36,14,54,249,21-Mar-2021
1177,270,32,14,50,270,22-Mar-2021
1178,182,15,16,48,182,23-Mar-2021
1179,134,22,17,52,134,24-Mar-2021
1180,134,17,10,54,134,25-Mar-2021
1181,140,21,10,55,140,26-Mar-2021
1182,212,31,10,62,212,27-Mar-2021
1183,244,30,12,60,244,28-Mar-2021
1184,25,24,10,60,180,29-Mar-2021
1185,116,24,10,52,116,30-Mar-2021
1186,194,16,10,50,194,31-Mar-2021
1187,198,17,9,59,198,01-Apr-2021
1188,159,17,9,49,159,02-Apr-2021
1189,154,24,9,54,154,03-Apr-2021
1190,141,29,9,50,141,04-Apr-2021
1191,212,30,9,51,212,05-Apr-2021
1192,179,18,9,54,179,06-Apr-2021
1193,243,27,9,48,243,07-Apr-2021
1194,318,51,9,47,318,08-Apr-2021
1195,187,68,9,49,187,09-Apr-2021
1196,139,69,9,50,141,10-Apr-2021
1197,155,53,9,50,155,11-Apr-2021
1198,141,48,9,47,141,12-Apr-2021
1199,197,43,9,50,197,13-Apr-2021
1200,116,50,7,52,162,14-Apr-2021
1201,177,53,9,91,177,15-Apr-2021
1202,248,73,9,30,248,16-Apr-2021
1203,225,53,8,31,225,17-Apr-2021
1204,138,39,9,27,138,18-Apr-2021
1205,192,35,7,40,192,19-Apr-2021
1206,242,52,8,56,242,20-Apr-2021
1207,258,49,7,53,258,21-Apr-2021
1208,159,36,8,50,159,22-Apr-2021
1209,106,62,9,52,106,23-Apr-2021
1210,124,48,7,54,124,24-Apr-2021
1211,,,,,,25-Apr-2021
1212,157,45,8,56,157,26-Apr-2021
1213,176,71,10,59,176,27-Apr-2021
1214,243,78,9,62,243,28-Apr-2021
1215,254,57,7,59,254,29-Apr-2021
1216,235,43,9,56,235,30-Apr-2021
1217,257,51,11,52,257,01-May-2021
1218,139,38,17,41,139,02-May-2021
1219,104,24,12,43,104,03-May-2021
1220,83,31,11,46,98,04-May-2021
1221,108,24,17,44,124,05-May-2021
1222,87,25,11,44,113,06-May-2021
1223,118,26,10,43,128,07-May-2021
1224,54,24,10,45,54,08-May-2021
1225,103,29,13,42,113,09-May-2021
1226,96,23,7,44,110,10-May-2021
1227,83,26,11,48,110,11-May-2021
1228,105,31,16,42,120,12-May-2021
1229,86,27,14,41,107,13-May-2021
1230,50,27,11,39,62,14-May-2021
1231,73,37,11,40,85,15-May-2021
1232,89,38,13,45,101,16-May-2021
1233,104,37,14,46,110,17-May-2021
1234,186,40,15,55,186,18-May-2021
1235,72,19,13,57,88,19-May-2021
1236,53,16,15,55,64,20-May-2021
1237,27,9,13,56,56,21-May-2021
1238,30,17,14,53,64,22-May-2021
1239,49,16,14,52,76,23-May-2021
1240,92,11,11,57,97,24-May-2021
1241,213,14,13,56,213,25-May-2021
1242,105,123,14,52,113,26-May-2021
1243,56,9,14,55,67,27-May-2021
1244,49,8,12,54,72,28-May-2021
1245,13,3,12,53,65,29-May-2021
1246,11,4,12,53,72,30-May-2021
1247,49,4,14,52,61,31-May-2021
1248,91,11,14,42,130,01-Jun-2021
1249,52,33,17,42,119,02-Jun-2021
1250,77,23,9,46,97,03-Jun-2021
1251,88,25,8,38,91,04-Jun-2021
1252,124,29,9,46,124,05-Jun-2021
1253,77,28,8,43,83,06-Jun-2021
1254,77,28,10,45,86,07-Jun-2021
1255,149,37,15,45,149,08-Jun-2021
1256,130,35,15,43,130,09-Jun-2021
1257,94,35,17,44,112,10-Jun-2021
1258,49,25,14,40,91,11-Jun-2021
1259,102,14,12,47,102,12-Jun-2021
1260,36,20,20,44,79,13-Jun-2021
1261,17,12,8,44,66,14-Jun-2021
1262,10,9,13,35,78,15-Jun-2021
1263,17,9,17,46,74,16-Jun-2021
1264,44,11,9,41,83,17-Jun-2021
1265,25,9,5,49,53,18-Jun-2021
1266,26,8,6,44,52,19-Jun-2021
1267,23,7,4,44,68,20-Jun-2021
1268,22,8,2,40,68,21-Jun-2021
1269,38,8,3,37,132,22-Jun-2021
1270,57,9,4,43,79,23-Jun-2021
1271,59,8,6,51,88,24-Jun-2021
1272,56,12,8,48,72,25-Jun-2021
1273,55,23,11,49,69,26-Jun-2021
1274,52,23,,45,70,27-Jun-2021
1275,63,22,8,41,68,28-Jun-2021
1276,80,22,11,42,80,29-Jun-2021
1277,150,19,11,37,150,30-Jun-2021
1278,186,31,12,43,186,01-Jul-2021
1279,146,28,8,50,146,02-Jul-2021
1280,98,17,10,54,108,03-Jul-2021
1281,83,34,7,53,92,04-Jul-2021
1282,93,50,9,48,94,05-Jul-2021
1283,103,53,9,49,106,06-Jul-2021
1284,97,86,10,49,114,07-Jul-2021
1285,114,89,9,49,121,08-Jul-2021
1286,80,74,10,49,92,09-Jul-2021
1287,50,80,12,50,80,10-Jul-2021
1288,54,72,10,44,72,11-Jul-2021
1289,56,70,13,44,70,12-Jul-2021
1290,40,86,11,43,86,13-Jul-2021
1291,37,75,11,41,75,14-Jul-2021
1292,43,69,6,47,91,15-Jul-2021
1293,54,38,10,26,90,16-Jul-2021
1294,70,38,9,27,87,17-Jul-2021
1295,61,22,12,29,70,18-Jul-2021
1296,35,18,8,32,69,19-Jul-2021
1297,33,47,9,29,68,20-Jul-2021
1298,39,64,10,34,68,21-Jul-2021
1299,39,60,8,30,68,22-Jul-2021
1300,32,52,9,30,68,23-Jul-2021
1301,64,26,9,24,68,24-Jul-2021
1302,55,11,27,34,68,25-Jul-2021
1303,71,20,8,34,71,26-Jul-2021
1304,63,15,11,37,84,27-Jul-2021
1305,23,11,12,38,69,28-Jul-2021
1306,19,12,10,43,69,29-Jul-2021
1307,24,8,15,34,69,30-Jul-2021
1308,36,13,11,36,69,31-Jul-2021
1309,20,9,8,37,42,01-Aug-2021
1310,21,12,,29,42,02-Aug-2021
1311,21,12,,29,45,03-Aug-2021
1312,34,43,8,33,64,04-Aug-2021
1313,39,45,7,30,65,05-Aug-2021
1314,47,17,12,30,84,06-Aug-2021
1315,53,17,14,41,82,07-Aug-2021
1316,54,11,7,36,90,08-Aug-2021
1317,39,12,8,33,71,09-Aug-2021
1318,28,13,10,38,50,10-Aug-2021
1319,55,17,10,35,80,11-Aug-2021
1320,76,8,11,38,105,12-Aug-2021
1321,54,29,17,42,95,13-Aug-2021
1322,73,11,10,42,121,14-Aug-2021
1323,74,11,13,37,123,15-Aug-2021
1324,52,10,11,39,88,16-Aug-2021
1325,72,15,11,37,115,17-Aug-2021
1326,74,10,13,25,109,18-Aug-2021
1327,72,11,9,31,107,19-Aug-2021
1328,35,10,9,51,71,20-Aug-2021
1329,60,24,9,36,63,21-Aug-2021
1330,72,31,9,40,75,22-Aug-2021
1331,85,22,14,43,85,23-Aug-2021
1332,37,16,12,43,68,24-Aug-2021
1333,35,20,12,35,74,25-Aug-2021
1334,64,17,7,54,120,26-Aug-2021
1335,70,20,8,62,102,27-Aug-2021
1336,62,17,9,61,92,28-Aug-2021
1337,61,18,5,62,83,29-Aug-2021
1338,20,14,9,61,61,30-Aug-2021
1339,27,12,9,68,68,31-Aug-2021
1340,40,12,9,74,74,01-Sep-2021
1341,62,26,9,65,86,02-Sep-2021
1342,53,14,7,64,91,03-Sep-2021
1343,24,13,8,64,64,04-Sep-2021
1344,44,12,9,65,65,05-Sep-2021
1345,64,13,8,64,73,06-Sep-2021
1346,69,21,10,63,79,07-Sep-2021
1347,35,12,9,72,72,08-Sep-2021
1348,42,11,7,57,57,09-Sep-2021
1349,35,54,9,41,61,10-Sep-2021
1350,47,51,10,40,71,11-Sep-2021
1351,32,48,11,41,59,12-Sep-2021
1352,34,82,10,38,82,13-Sep-2021
1353,28,97,10,36,97,14-Sep-2021
1354,32,68,8,38,68,15-Sep-2021
1355,25,54,12,39,54,16-Sep-2021
1356,26,40,12,41,54,17-Sep-2021
1357,44,73,7,39,73,18-Sep-2021
1358,75,89,11,37,89,19-Sep-2021
1359,74,75,10,41,99,20-Sep-2021
1360,51,45,6,40,84,21-Sep-2021
1361,,,,,,22-Sep-2021
1362,,,,,,23-Sep-2021
1363,,,,,,24-Sep-2021
1364,,,,,,25-Sep-2021
1365,37,50,,23,82,26-Sep-2021
1366,56,50,12,38,76,27-Sep-2021
1367,44,49,8,63,67,28-Sep-2021
1368,42,47,9,81,81,29-Sep-2021
1369,43,43,10,84,96,30-Sep-2021
1370,59,83,13,18,88,01-Oct-2021
1371,51,71,14,18,72,02-Oct-2021
1372,36,61,14,20,61,03-Oct-2021
1373,,59,,22,,04-Oct-2021
1374,67,70,13,20,84,05-Oct-2021
1375,46,76,16,19,76,06-Oct-2021
1376,62,73,14,16,92,07-Oct-2021
1377,126,71,15,18,126,08-Oct-2021
1378,178,59,13,20,178,09-Oct-2021
1379,211,65,12,20,211,10-Oct-2021
1380,172,75,23,20,172,11-Oct-2021
1381,177,90,19,21,177,12-Oct-2021
1382,136,80,15,21,136,13-Oct-2021
1383,145,56,14,21,149,14-Oct-2021
1384,239,74,10,22,239,15-Oct-2021
1385,234,94,13,21,234,16-Oct-2021
1386,104,87,17,23,120,17-Oct-2021
1387,19,80,13,20,80,18-Oct-2021
1388,23,,12,18,37,19-Oct-2021
1389,52,30,9,19,83,20-Oct-2021
1390,153,34,11,19,153,21-Oct-2021
1391,126,56,9,39,159,22-Oct-2021
1392,136,57,8,19,136,23-Oct-2021
1393,127,45,12,25,133,24-Oct-2021
1394,136,47,9,30,136,25-Oct-2021
1395,77,37,14,27,105,26-Oct-2021
1396,118,55,5,21,132,27-Oct-2021
1397,174,66,5,23,174,28-Oct-2021
1398,211,78,8,19,211,29-Oct-2021
1399,187,76,8,21,187,30-Oct-2021
1400,185,71,7,19,185,31-Oct-2021
1401,314,83,6,20,314,01-Nov-2021
1402,286,81,9,20,286,02-Nov-2021
1403,250,82,7,29,250,03-Nov-2021
1404,258,77,10,36,258,04-Nov-2021
1405,315,67,21,41,315,05-Nov-2021
1406,198,55,16,50,229,06-Nov-2021
1407,227,60,14,33,254,07-Nov-2021
1408,319,85,21,70,346,08-Nov-2021
1409,345,76,14,186,345,09-Nov-2021
1410,304,85,9,36,304,10-Nov-2021
1411,294,78,14,79,294,11-Nov-2021
1412,262,92,10,167,262,12-Nov-2021
1413,283,76,15,53,283,13-Nov-2021
1414,304,86,11,48,304,14-Nov-2021
1415,299,81,10,150,299,15-Nov-2021
1416,262,88,10,59,262,16-Nov-2021
1417,265,84,8,51,265,17-Nov-2021
1418,304,85,8,155,304,18-Nov-2021
1419,286,66,9,42,286,19-Nov-2021
1420,294,83,11,36,294,20-Nov-2021
1421,316,83,12,170,316,21-Nov-2021
1422,263,88,11,74,263,22-Nov-2021
1423,224,93,14,151,224,23-Nov-2021
1424,306,95,15,33,306,24-Nov-2021
1425,321,103,16,25,321,25-Nov-2021
1426,324,96,12,24,324,26-Nov-2021
1427,374,81,9,16,374,27-Nov-2021
1428,371,87,11,20,371,28-Nov-2021
1429,294,74,10,22,294,29-Nov-2021
1430,311,74,13,23,311,30-Nov-2021
1431,285,83,11,9,285,01-Dec-2021
1432,283,69,6,6,283,02-Dec-2021
1433,221,48,6,7,221,03-Dec-2021
1434,297,61,8,6,297,04-Dec-2021
1435,258,64,8,5,258,05-Dec-2021
1436,265,66,6,8,265,06-Dec-2021
1437,154,61,8,6,154,07-Dec-2021
1438,183,72,8,7,183,08-Dec-2021
1439,259,75,8,22,259,09-Dec-2021
1440,216,78,8,31,216,10-Dec-2021
1441,225,76,5,30,225,11-Dec-2021
1442,187,82,5,50,187,12-Dec-2021
1443,274,94,5,31,274,13-Dec-2021
1444,287,87,6,35,287,14-Dec-2021
1445,284,74,6,34,284,15-Dec-2021
1446,280,79,8,25,280,16-Dec-2021
1447,220,74,6,27,220,17-Dec-2021
1448,155,59,5,35,155,18-Dec-2021
1449,210,68,7,28,210,19-Dec-2021
1450,295,79,7,31,295,20-Dec-2021
1451,353,102,5,34,353,21-Dec-2021
1452,308,90,7,33,308,22-Dec-2021
1453,334,91,8,19,334,23-Dec-2021
1454,368,99,13,19,401,24-Dec-2021
1455,358,85,15,15,358,25-Dec-2021
1456,329,82,10,17,352,26-Dec-2021
1457,291,59,8,22,291,27-Dec-2021
1458,338,64,9,11,338,28-Dec-2021
1459,261,52,13,17,261,29-Dec-2021
1460,120,36,10,13,120,30-Dec-2021
1461,125,29,12,8,146,31-Dec-2021
1462,120,38,12,11,148,01-Jan-2022
1463,214,56,10,27,255,02-Jan-2022
1464,277,60,12,25,277,03-Jan-2022
1465,225,69,10,15,308,04-Jan-2022
1466,188,59,10,13,294,05-Jan-2022
1467,203,42,10,33,216,06-Jan-2022
1468,135,26,8,11,159,07-Jan-2022
1469,77,22,10,14,149,08-Jan-2022
1470,39,21,10,13,86,09-Jan-2022
1471,70,20,11,12,98,10-Jan-2022
1472,51,20,8,13,87,11-Jan-2022
1473,84,27,8,10,117,12-Jan-2022
1474,85,28,7,5,125,13-Jan-2022
1475,109,31,10,6,259,14-Jan-2022
1476,201,40,9,7,202,15-Jan-2022
1477,191,43,9,8,191,16-Jan-2022
1478,163,35,9,12,199,17-Jan-2022
1479,186,40,9,8,186,18-Jan-2022
1480,242,36,10,6,242,19-Jan-2022
1481,267,50,7,8,267,20-Jan-2022
1482,337,47,8,8,337,21-Jan-2022
1483,286,58,7,8,286,22-Jan-2022
1484,137,45,10,8,168,23-Jan-2022
1485,223,38,9,9,223,24-Jan-2022
1486,182,40,10,11,182,25-Jan-2022
1487,155,51,3,9,155,26-Jan-2022
1488,183,49,3,10,185,27-Jan-2022
1489,224,49,4,11,224,28-Jan-2022
1490,228,66,4,9,243,29-Jan-2022
1491,170,65,3,14,196,30-Jan-2022
1492,216,56,5,9,216,31-Jan-2022
1493,269,53,4,8,269,01-Feb-2022
1494,190,54,4,8,190,02-Feb-2022
1495,276,48,4,13,276,03-Feb-2022
1496,135,40,4,12,135,04-Feb-2022
1497,99,45,4,12,99,05-Feb-2022
1498,142,48,3,11,142,06-Feb-2022
1499,263,54,4,10,263,07-Feb-2022
1500,187,61,3,16,187,08-Feb-2022
1501,159,59,3,20,159,09-Feb-2022
1502,103,38,6,14,103,10-Feb-2022
1503,134,49,5,25,134,11-Feb-2022
1504,104,53,6,26,189,12-Feb-2022
1505,186,76,6,23,204,13-Feb-2022
1506,255,76,7,18,255,14-Feb-2022
1507,275,67,4,15,275,15-Feb-2022
1508,182,61,4,16,182,16-Feb-2022
1509,187,77,4,18,187,17-Feb-2022
1510,181,78,5,11,181,18-Feb-2022
1511,162,71,5,10,181,19-Feb-2022
1512,,54,5,,,20-Feb-2022
1513,126,60,7,9,138,21-Feb-2022
1514,178,75,5,10,178,22-Feb-2022
1515,93,48,4,22,138,23-Feb-2022
1516,114,44,8,21,138,24-Feb-2022
1517,142,57,9,17,150,25-Feb-2022
1518,137,64,7,15,147,26-Feb-2022
1519,70,39,6,12,113,27-Feb-2022
1520,62,41,8,18,116,28-Feb-2022
1521,80,57,6,23,145,01-Mar-2022
1522,84,55,7,26,125,02-Mar-2022
1523,106,59,5,22,135,03-Mar-2022
1524,139,60,6,15,145,04-Mar-2022
1525,114,38,9,15,135,05-Mar-2022
1526,106,46,11,18,144,06-Mar-2022
1527,164,61,10,19,164,07-Mar-2022
1528,147,51,10,22,147,08-Mar-2022
1529,160,53,12,16,174,09-Mar-2022
1530,113,54,11,16,155,10-Mar-2022
1531,113,46,12,15,148,11-Mar-2022
1532,113,44,10,19,143,12-Mar-2022
1533,195,56,11,36,195,13-Mar-2022
1534,190,59,10,18,214,14-Mar-2022
1535,249,66,11,20,249,15-Mar-2022
1536,265,54,12,19,265,16-Mar-2022
1537,219,33,10,20,219,17-Mar-2022
1538,229,23,9,27,229,18-Mar-2022
1539,159,22,9,28,174,19-Mar-2022
1540,168,24,9,25,168,20-Mar-2022
1541,205,26,9,27,213,21-Mar-2022
1542,145,25,11,35,188,22-Mar-2022
1543,,26,11,,,23-Mar-2022
1544,186,29,10,37,195,24-Mar-2022
1545,220,30,9,35,220,25-Mar-2022
1546,121,28,12,30,182,26-Mar-2022
1547,157,29,10,31,223,27-Mar-2022
1548,186,33,11,20,228,28-Mar-2022
1549,191,70,6,30,265,29-Mar-2022
1550,224,61,7,19,283,30-Mar-2022
1551,267,49,6,28,267,31-Mar-2022
1552,257,51,7,25,257,01-Apr-2022
1553,203,55,6,36,203,02-Apr-2022
1554,,75,9,,,03-Apr-2022
1555,156,63,9,25,156,04-Apr-2022
1556,,63,8,,,05-Apr-2022
1557,206,71,6,25,206,06-Apr-2022
1558,190,83,7,40,215,07-Apr-2022
1559,194,78,7,39,194,08-Apr-2022
1560,230,76,8,34,235,09-Apr-2022
1561,267,64,6,29,267,10-Apr-2022
1562,248,51,8,28,248,11-Apr-2022
1563,225,45,6,30,225,12-Apr-2022
1564,181,45,7,40,185,13-Apr-2022
1565,213,56,6,36,214,14-Apr-2022
1566,236,49,7,52,236,15-Apr-2022
1567,291,49,8,54,291,16-Apr-2022
1568,278,65,9,55,278,17-Apr-2022
1569,274,66,10,58,274,18-Apr-2022
1570,304,68,14,43,304,19-Apr-2022
1571,317,59,14,57,317,20-Apr-2022
1572,233,47,8,47,233,21-Apr-2022
1573,320,40,13,61,320,22-Apr-2022
1574,264,48,14,51,264,23-Apr-2022
1575,286,50,13,57,286,24-Apr-2022
1576,322,62,10,47,322,25-Apr-2022
1577,325,54,6,48,325,26-Apr-2022
1578,309,55,5,115,309,27-Apr-2022
1579,310,51,7,182,310,28-Apr-2022
1580,301,52,6,60,301,29-Apr-2022
1581,357,49,5,28,357,30-Apr-2022
1582,271,30,5,36,271,01-May-2022
1583,214,28,5,44,214,02-May-2022
1584,198,29,7,13,198,03-May-2022
1585,155,30,6,25,155,04-May-2022
1586,198,31,7,17,198,05-May-2022
1587,138,55,8,42,138,06-May-2022
1588,143,42,8,45,143,07-May-2022
1589,159,37,8,57,159,08-May-2022
1590,125,34,8,46,125,09-May-2022
1591,143,37,8,39,143,10-May-2022
1592,112,38,6,64,120,11-May-2022
1593,122,39,7,28,122,12-May-2022
1594,137,40,7,25,137,13-May-2022
1595,185,51,8,21,185,14-May-2022
1596,151,37,8,25,151,15-May-2022
1597,192,43,6,27,192,16-May-2022
1598,284,44,9,34,316,17-May-2022
1599,218,38,8,51,224,18-May-2022
1600,261,33,7,81,269,19-May-2022
1601,279,41,7,59,279,20-May-2022
1602,193,33,9,49,205,21-May-2022
1603,148,33,8,61,166,22-May-2022
1604,78,26,9,43,127,23-May-2022
1605,53,25,10,32,105,24-May-2022
1606,82,28,8,21,129,25-May-2022
1607,114,26,8,18,132,26-May-2022
1608,119,21,10,23,139,27-May-2022
1609,117,18,8,19,137,28-May-2022
1610,169,19,8,26,169,29-May-2022
1611,125,10,9,33,132,30-May-2022
1612,189,17,7,30,189,31-May-2022
1613,217,19,8,39,217,01-Jun-2022
1614,222,20,7,33,222,02-Jun-2022
1615,275,26,6,51,275,03-Jun-2022
1616,270,33,10,19,270,04-Jun-2022
1617,199,24,17,10,204,05-Jun-2022
1618,235,29,8,18,235,06-Jun-2022
1619,221,28,9,14,221,07-Jun-2022
1620,265,25,8,12,265,08-Jun-2022
1621,345,40,5,20,396,09-Jun-2022
1622,233,31,7,17,235,10-Jun-2022
1623,260,20,7,21,260,11-Jun-2022
1624,336,24,9,24,337,12-Jun-2022
1625,313,35,11,29,313,13-Jun-2022
1626,260,26,7,30,260,14-Jun-2022
1627,238,23,7,22,238,15-Jun-2022
1628,152,25,12,20,174,16-Jun-2022
1629,93,27,7,9,119,17-Jun-2022
1630,110,43,8,15,137,18-Jun-2022
1631,81,13,8,5,119,19-Jun-2022
1632,72,11,13,6,100,20-Jun-2022
1633,69,15,12,16,104,21-Jun-2022
1634,70,16,8,8,87,22-Jun-2022
1635,89,29,9,28,114,23-Jun-2022
1636,88,22,10,30,119,24-Jun-2022
1637,129,19,7,36,145,25-Jun-2022
1638,71,15,11,44,103,26-Jun-2022
1639,72,19,14,41,105,27-Jun-2022
1640,92,10,9,41,115,28-Jun-2022
1641,48,31,10,26,78,29-Jun-2022
1642,37,28,8,38,86,30-Jun-2022
1643,29,29,9,30,49,01-Jul-2022
1644,61,30,29,32,99,02-Jul-2022
1645,44,28,18,39,82,03-Jul-2022
1646,46,30,12,44,80,04-Jul-2022
1647,,,,,,05-Jul-2022
1648,66,11,10,22,78,06-Jul-2022
1649,47,10,16,22,67,07-Jul-2022
1650,45,12,11,28,72,08-Jul-2022
1651,59,14,11,36,89,09-Jul-2022
1652,33,7,12,20,50,10-Jul-2022
1653,33,7,12,20,50,11-Jul-2022
1654,38,8,21,25,60,12-Jul-2022
1655,,,,,,13-Jul-2022
1656,41,10,24,22,63,14-Jul-2022
1657,37,9,24,23,74,15-Jul-2022
1658,31,11,10,26,59,16-Jul-2022
1659,,,,,,17-Jul-2022
1660,36,8,16,23,59,18-Jul-2022
1661,38,9,10,27,60,19-Jul-2022
1662,50,6,10,23,80,20-Jul-2022
1663,27,15,12,24,75,21-Jul-2022
1664,,,,,,22-Jul-2022
1665,,,,,,23-Jul-2022
1666,,,,,,24-Jul-2022
1667,,,,,,25-Jul-2022
1668,25,18,15,22,74,26-Jul-2022
1669,54,25,19,18,64,27-Jul-2022
1670,38,24,17,15,54,28-Jul-2022
1671,29,24,6,17,55,29-Jul-2022
1672,27,26,9,21,75,30-Jul-2022
1673,34,25,7,18,77,31-Jul-2022
1674,43,27,17,20,80,01-Aug-2022
1675,45,27,11,18,58,02-Aug-2022
1676,24,25,8,20,53,03-Aug-2022
1677,25,22,11,22,44,04-Aug-2022
1678,62,22,14,25,69,05-Aug-2022
1679,69,25,,22,75,06-Aug-2022
1680,40,8,9,21,60,07-Aug-2022
1681,26,6,10,23,53,08-Aug-2022
1682,32,6,14,25,42,09-Aug-2022
1683,25,8,10,23,50,10-Aug-2022
1684,23,10,8,22,58,11-Aug-2022
1685,23,12,11,25,40,12-Aug-2022
1686,39,17,9,24,53,13-Aug-2022
1687,48,18,9,23,59,14-Aug-2022
1688,18,12,10,23,42,15-Aug-2022
1689,19,12,17,16,45,16-Aug-2022
1690,26,14,4,18,65,17-Aug-2022
1691,31,13,4,20,53,18-Aug-2022
1692,37,9,8,23,57,19-Aug-2022
1693,22,8,9,23,52,20-Aug-2022
1694,17,10,10,19,50,21-Aug-2022
1695,35,7,13,19,48,22-Aug-2022
1696,37,14,11,13,53,23-Aug-2022
1697,29,45,14,14,73,24-Aug-2022
1698,36,41,14,18,87,25-Aug-2022
1699,49,45,12,15,85,26-Aug-2022
1700,59,40,13,15,77,27-Aug-2022
1701,72,47,17,14,92,28-Aug-2022
1702,47,39,12,16,75,29-Aug-2022
1703,52,44,27,22,93,30-Aug-2022
1704,68,60,13,15,89,31-Aug-2022
1705,68,58,18,16,92,01-Sep-2022
1706,35,53,19,18,70,02-Sep-2022
1707,46,46,16,16,89,03-Sep-2022
1708,52,54,32,20,83,04-Sep-2022
1709,56,54,14,14,80,05-Sep-2022
1710,61,59,8,23,88,06-Sep-2022
1711,71,79,11,21,94,07-Sep-2022
1712,64,52,10,22,92,08-Sep-2022
1713,75,50,15,23,75,09-Sep-2022
1714,51,46,11,14,58,10-Sep-2022
1715,54,44,6,20,61,11-Sep-2022
1716,38,36,7,22,50,12-Sep-2022
1717,23,35,8,13,35,13-Sep-2022
1718,15,35,22,14,65,14-Sep-2022
1719,19,32,21,14,62,15-Sep-2022
1720,13,30,18,19,77,16-Sep-2022
1721,25,34,12,15,75,17-Sep-2022
1722,28,38,11,20,60,18-Sep-2022
1723,51,45,12,20,78,19-Sep-2022
1724,41,39,12,20,78,20-Sep-2022
1725,31,36,10,12,62,21-Sep-2022
1726,38,42,10,24,80,22-Sep-2022
1727,48,35,10,27,69,23-Sep-2022
1728,40,37,11,20,79,24-Sep-2022
1729,54,34,10,19,68,25-Sep-2022
1730,39,41,11,22,74,26-Sep-2022
1731,67,43,10,23,84,27-Sep-2022
1732,65,37,8,30,81,28-Sep-2022
1733,108,54,8,31,116,29-Sep-2022
1734,128,65,8,35,127,30-Sep-2022
1735,157,78,8,22,156,01-Oct-2022
1736,157,72,10,24,156,02-Oct-2022
1737,145,56,5,31,145,03-Oct-2022
1738,133,69,7,18,133,04-Oct-2022
1739,17,31,16,14,31,05-Oct-2022
1740,14,16,17,19,46,06-Oct-2022
1741,18,16,14,16,79,07-Oct-2022
1742,22,16,9,16,63,08-Oct-2022
1743,22,16,26,20,47,09-Oct-2022
1744,19,10,15,20,48,10-Oct-2022
1745,18,16,9,19,59,11-Oct-2022
1746,27,22,10,22,63,12-Oct-2022
1747,77,20,16,23,90,13-Oct-2022
1748,102,30,8,33,107,14-Oct-2022
1749,127,62,10,26,135,15-Oct-2022
1750,109,50,7,24,119,16-Oct-2022
1751,118,54,9,73,118,17-Oct-2022
1752,153,60,17,54,153,18-Oct-2022
1753,195,77,12,165,195,19-Oct-2022
1754,188,91,10,185,188,20-Oct-2022
1755,170,85,9,152,181,21-Oct-2022
1756,180,85,11,207,207,22-Oct-2022
1757,182,78,10,154,182,23-Oct-2022
1758,128,58,9,73,153,24-Oct-2022
1759,254,53,16,36,254,25-Oct-2022
1760,271,59,12,47,271,26-Oct-2022
1761,272,91,14,34,272,27-Oct-2022
1762,276,89,9,43,276,28-Oct-2022
1763,283,84,15,43,283,29-Oct-2022
1764,299,79,13,34,299,30-Oct-2022
1765,286,87,13,26,286,31-Oct-2022
1766,262,88,22,29,267,01-Nov-2022
1767,186,89,11,26,231,02-Nov-2022
1768,305,79,18,165,305,03-Nov-2022
1769,374,82,11,155,374,04-Nov-2022
1770,262,63,18,58,262,05-Nov-2022
1771,264,68,12,57,264,06-Nov-2022
1772,197,68,6,54,197,07-Nov-2022
1773,161,66,6,48,176,08-Nov-2022
1774,218,80,10,40,218,09-Nov-2022
1775,268,64,12,50,268,10-Nov-2022
1776,295,51,10,36,295,11-Nov-2022
1777,220,44,14,27,220,12-Nov-2022
1778,234,47,12,32,234,13-Nov-2022
1779,217,52,11,43,217,14-Nov-2022
1780,266,69,15,28,266,15-Nov-2022
1781,87,52,15,27,162,16-Nov-2022
1782,216,42,9,32,216,17-Nov-2022
1783,216,49,16,28,216,18-Nov-2022
1784,202,70,9,30,202,19-Nov-2022
1785,134,62,9,35,175,20-Nov-2022
1786,149,52,8,37,169,21-Nov-2022
1787,182,64,13,33,182,22-Nov-2022
1788,214,71,15,43,214,23-Nov-2022
1789,243,79,16,27,243,24-Nov-2022
1790,283,99,13,34,283,25-Nov-2022
1791,285,80,13,28,285,26-Nov-2022
1792,290,78,11,31,290,27-Nov-2022
1793,326,84,13,15,326,28-Nov-2022
1794,326,89,12,29,326,29-Nov-2022
1795,342,87,11,26,342,30-Nov-2022
1796,312,95,9,31,312,01-Dec-2022
1797,307,90,10,28,307,02-Dec-2022
1798,273,78,10,38,273,03-Dec-2022
1799,245,61,9,37,245,04-Dec-2022
1800,245,80,9,35,245,05-Dec-2022
1801,230,75,9,29,250,06-Dec-2022
1802,165,71,13,26,203,07-Dec-2022
1803,162,85,19,27,200,08-Dec-2022
1804,287,79,15,28,287,09-Dec-2022
1805,319,89,10,21,319,10-Dec-2022
1806,318,85,11,27,318,11-Dec-2022
1807,302,72,14,16,302,12-Dec-2022
1808,193,49,16,29,193,13-Dec-2022
1809,149,44,10,22,149,14-Dec-2022
1810,137,39,23,29,143,15-Dec-2022
1811,192,50,14,27,192,16-Dec-2022
1812,262,61,10,28,262,17-Dec-2022
1813,331,75,11,20,331,18-Dec-2022
1814,372,75,7,19,372,19-Dec-2022
1815,325,56,9,13,325,20-Dec-2022
1816,335,59,8,23,335,21-Dec-2022
1817,261,45,9,16,261,22-Dec-2022
1818,261,60,14,20,261,23-Dec-2022
1819,259,66,17,15,259,24-Dec-2022
1820,265,48,17,16,265,25-Dec-2022
1821,280,44,13,12,280,26-Dec-2022
1822,275,43,10,13,275,27-Dec-2022
1823,307,48,9,16,307,28-Dec-2022
1824,322,53,18,12,322,29-Dec-2022
1825,350,54,12,8,350,30-Dec-2022
1826,370,70,9,12,370,31-Dec-2022
1827,351,25,9,16,351,01-Jan-2023
1828,274,20,9,14,274,02-Jan-2023
1829,317,38,9,6,317,03-Jan-2023
1830,264,20,15,11,264,04-Jan-2023
1831,271,23,9,13,271,05-Jan-2023
1832,340,45,14,9,340,06-Jan-2023
1833,329,42,8,10,329,07-Jan-2023
1834,316,70,12,9,316,08-Jan-2023
1835,353,67,11,6,353,09-Jan-2023
1836,340,50,8,7,340,10-Jan-2023
1837,355,41,15,7,355,11-Jan-2023
1838,323,40,12,8,323,12-Jan-2023
1839,326,61,9,8,326,13-Jan-2023
1840,404,48,11,12,404,14-Jan-2023
1841,315,18,13,13,315,15-Jan-2023
1842,224,39,12,16,224,16-Jan-2023
1843,285,42,18,15,285,17-Jan-2023
1844,302,51,13,9,302,18-Jan-2023
1845,330,75,19,15,330,19-Jan-2023
1846,367,80,16,8,367,20-Jan-2023
1847,324,52,15,9,324,21-Jan-2023
1848,331,59,17,10,331,22-Jan-2023
1849,249,47,15,12,249,23-Jan-2023
1850,246,50,17,12,246,24-Jan-2023
1851,252,43,23,11,252,25-Jan-2023
1852,120,24,28,11,120,26-Jan-2023
1853,133,14,26,7,133,27-Jan-2023
1854,176,32,26,15,176,28-Jan-2023
1855,275,61,21,8,275,29-Jan-2023
1856,243,48,21,9,243,30-Jan-2023
1857,163,35,16,13,163,31-Jan-2023
1858,114,22,12,13,114,01-Feb-2023
1859,202,37,17,22,202,02-Feb-2023
1860,234,54,15,16,234,03-Feb-2023
1861,225,46,39,15,225,04-Feb-2023
1862,193,51,29,16,193,05-Feb-2023
1863,237,64,31,13,237,06-Feb-2023
1864,241,78,28,11,241,07-Feb-2023
1865,154,27,13,14,154,08-Feb-2023
1866,125,28,15,17,139,09-Feb-2023
1867,234,49,10,15,234,10-Feb-2023
1868,191,47,10,16,191,11-Feb-2023
1869,162,15,18,13,162,12-Feb-2023
1870,82,15,18,12,134,13-Feb-2023
1871,127,26,22,13,145,14-Feb-2023
1872,174,44,16,13,174,15-Feb-2023
1873,298,82,11,11,298,16-Feb-2023
1874,286,84,16,7,286,17-Feb-2023
1875,294,72,13,10,294,18-Feb-2023
1876,269,68,12,10,269,19-Feb-2023
1877,275,67,15,9,275,20-Feb-2023
1878,201,67,11,9,201,21-Feb-2023
1879,233,69,13,17,233,22-Feb-2023
1880,142,27,13,16,143,23-Feb-2023
1881,107,26,13,21,135,24-Feb-2023
1882,185,34,12,24,185,25-Feb-2023
1883,255,37,12,11,255,26-Feb-2023
1884,249,36,9,20,249,27-Feb-2023
1885,280,33,16,15,280,28-Feb-2023
1886,251,69,13,15,251,01-Mar-2023
1887,181,36,11,22,181,02-Mar-2023
1888,152,31,15,16,152,03-Mar-2023
1889,114,26,15,16,136,04-Mar-2023
1890,110,21,16,15,130,05-Mar-2023
1891,110,25,12,17,126,06-Mar-2023
1892,110,34,12,19,128,07-Mar-2023
1893,195,45,17,26,195,08-Mar-2023
1894,77,19,9,16,96,09-Mar-2023
1895,79,19,17,20,92,10-Mar-2023
1896,149,38,12,18,149,11-Mar-2023
1897,189,44,14,23,189,12-Mar-2023
1898,207,69,15,24,207,13-Mar-2023
1899,211,48,15,33,211,14-Mar-2023
1900,198,52,12,26,198,15-Mar-2023
1901,,,,,,16-Mar-2023
1902,,,,,,17-Mar-2023
1903,,,,,,18-Mar-2023
1904,,,,,,19-Mar-2023
1905,,,,,,20-Mar-2023
1906,,,,,,21-Mar-2023
1907,,,,,,22-Mar-2023
1908,,,,30,,23-Mar-2023
1909,155,64,12,25,155,24-Mar-2023
1910,120,42,10,31,120,25-Mar-2023
1911,90,44,7,28,105,26-Mar-2023
1912,110,29,11,33,117,27-Mar-2023
1913,110,31,14,30,128,28-Mar-2023
1914,121,62,13,36,125,29-Mar-2023
1915,164,52,10,37,164,30-Mar-2023
1916,119,40,10,29,128,31-Mar-2023
1917,42,21,13,19,58,01-Apr-2023
1918,86,43,7,15,99,02-Apr-2023
1919,70,37,9,18,106,03-Apr-2023
1920,151,51,7,12,151,04-Apr-2023
1921,77,34,11,18,110,05-Apr-2023
1922,120,49,12,13,142,06-Apr-2023
1923,76,37,8,15,117,07-Apr-2023
1924,112,52,11,14,141,08-Apr-2023
1925,108,50,10,18,148,09-Apr-2023
1926,129,54,14,15,150,10-Apr-2023
1927,136,57,11,16,161,11-Apr-2023
1928,125,38,10,20,139,12-Apr-2023
1929,155,36,11,17,160,13-Apr-2023
1930,204,53,16,23,204,14-Apr-2023
1931,232,79,14,16,232,15-Apr-2023
1932,265,80,11,20,265,16-Apr-2023
1933,220,58,13,19,220,17-Apr-2023
1934,209,65,13,18,209,18-Apr-2023
1935,,,,17,,19-Apr-2023
1936,180,30,13,16,182,20-Apr-2023
1937,214,26,13,16,213,21-Apr-2023
1938,,,,24,,22-Apr-2023
1939,131,52,13,17,140,23-Apr-2023
1940,80,38,8,17,106,24-Apr-2023
1941,61,36,9,17,84,25-Apr-2023
1942,100,60,10,20,110,26-Apr-2023
1943,113,54,14,18,128,27-Apr-2023
1944,182,93,12,22,182,28-Apr-2023
1945,141,124,10,18,141,29-Apr-2023
1946,113,109,10,19,129,30-Apr-2023
1947,45,121,10,16,121,01-May-2023
1948,49,113,8,19,113,02-May-2023
1949,59,136,8,20,136,03-May-2023
1950,34,112,9,18,112,04-May-2023
1951,52,88,11,16,88,05-May-2023
1952,76,110,8,26,110,06-May-2023
1953,150,49,8,23,150,07-May-2023
1954,136,22,12,17,136,08-May-2023
1955,138,45,10,18,138,09-May-2023
1956,133,22,12,21,133,10-May-2023
1957,134,35,12,18,138,11-May-2023
1958,226,51,13,18,226,12-May-2023
1959,179,39,14,23,179,13-May-2023
1960,232,36,13,21,232,14-May-2023
1961,274,27,11,18,274,15-May-2023
1962,229,26,9,18,229,16-May-2023
1963,357,23,10,14,370,17-May-2023
1964,308,23,10,17,308,18-May-2023
1965,161,12,10,24,161,19-May-2023
1966,215,24,13,19,215,20-May-2023
1967,250,46,13,17,250,21-May-2023
1968,235,36,11,23,235,22-May-2023
1969,220,19,8,19,220,23-May-2023
1970,137,13,8,19,214,24-May-2023
1971,74,17,10,6,119,25-May-2023
1972,44,6,7,22,64,26-May-2023
1973,58,37,10,18,75,27-May-2023
1974,91,42,10,13,112,28-May-2023
1975,95,25,8,15,101,29-May-2023
1976,122,32,8,21,123,30-May-2023
1977,83,21,9,14,99,31-May-2023
1978,76,18,7,23,116,01-Jun-2023
1979,96,24,9,25,116,02-Jun-2023
1980,98,22,8,13,130,03-Jun-2023
1981,147,37,9,38,147,04-Jun-2023
1982,88,17,9,47,125,05-Jun-2023
1983,117,21,9,35,135,06-Jun-2023
1984,96,20,12,12,121,07-Jun-2023
1985,143,19,10,17,143,08-Jun-2023
1986,142,45,9,36,142,09-Jun-2023
1987,170,45,9,55,170,10-Jun-2023
1988,208,47,9,55,208,11-Jun-2023
1989,205,3,9,50,205,12-Jun-2023
1990,273,44,9,64,273,13-Jun-2023
1991,239,40,7,35,239,14-Jun-2023
1992,210,33,7,85,210,15-Jun-2023
1993,213,27,8,81,213,16-Jun-2023
1994,122,32,7,69,139,17-Jun-2023
1995,140,48,15,101,143,18-Jun-2023
1996,118,35,11,83,128,19-Jun-2023
1997,95,30,13,32,117,20-Jun-2023
1998,81,30,9,19,84,21-Jun-2023
1999,32,22,8,25,46,22-Jun-2023
2000,41,24,6,17,47,23-Jun-2023
2001,82,38,6,21,97,24-Jun-2023
2002,46,24,9,15,62,25-Jun-2023
2003,42,18,7,19,65,26-Jun-2023
2004,44,24,8,46,60,27-Jun-2023
2005,37,25,8,21,65,28-Jun-2023
2006,29,26,7,10,40,29-Jun-2023
2007,32,16,10,9,53,30-Jun-2023
2008,19,20,10,34,61,01-Jul-2023
2009,14,15,11,48,48,02-Jul-2023
2010,25,15,9,31,62,03-Jul-2023
2011,32,18,6,38,49,04-Jul-2023
2012,,22,8,34,,05-Jul-2023
2013,,30,8,25,,06-Jul-2023
2014,50,49,8,22,50,07-Jul-2023
2015,35,19,8,21,55,08-Jul-2023
2016,33,16,6,19,56,09-Jul-2023
2017,40,31,6,24,56,10-Jul-2023
2018,31,24,8,47,56,11-Jul-2023
2019,29,27,9,50,56,12-Jul-2023
2020,29,19,9,16,48,13-Jul-2023
2021,40,9,7,16,48,14-Jul-2023
2022,42,6,6,13,43,15-Jul-2023
2023,38,8,7,46,47,16-Jul-2023
2024,42,5,9,46,48,17-Jul-2023
2025,37,4,6,13,48,18-Jul-2023
2026,31,6,7,18,47,19-Jul-2023
2027,44,47,6,38,61,20-Jul-2023
2028,54,59,8,40,59,21-Jul-2023
2029,48,66,6,39,68,22-Jul-2023
2030,39,63,5,39,71,23-Jul-2023
2031,43,57,7,31,67,24-Jul-2023
2032,57,9,9,26,58,25-Jul-2023
2033,42,12,10,169,169,26-Jul-2023
2034,50,13,8,14,72,27-Jul-2023
2035,41,10,10,17,85,28-Jul-2023
2036,47,8,12,17,91,29-Jul-2023
2037,33,5,9,17,84,30-Jul-2023
2038,43,9,11,18,72,31-Jul-2023
2039,53,11,9,17,73,01-Aug-2023
2040,55,14,11,36,76,02-Aug-2023
2041,20,7,7,,57,03-Aug-2023
2042,22,6,10,68,73,04-Aug-2023
2043,26,8,,26,48,05-Aug-2023
2044,38,8,13,57,57,06-Aug-2023
2045,43,7,8,51,64,07-Aug-2023
2046,60,7,8,60,60,08-Aug-2023
2047,83,9,7,44,84,09-Aug-2023
2048,89,8,7,38,89,10-Aug-2023
2049,98,10,6,41,100,11-Aug-2023
2050,99,11,5,35,105,12-Aug-2023
2051,79,8,7,28,105,13-Aug-2023
2052,57,9,6,30,113,14-Aug-2023
2053,57,13,6,31,83,15-Aug-2023
2054,55,9,5,47,78,16-Aug-2023
2055,71,7,6,28,79,17-Aug-2023
2056,63,10,8,8,81,18-Aug-2023
2057,64,8,5,13,86,19-Aug-2023
2058,,7,,22,,20-Aug-2023
2059,49,6,14,39,68,21-Aug-2023
2060,61,7,26,38,75,22-Aug-2023
2061,29,8,,48,77,23-Aug-2023
2062,28,7,4,50,82,24-Aug-2023
2063,47,5,6,10,95,25-Aug-2023
2064,87,5,6,14,91,26-Aug-2023
2065,130,5,6,13,130,27-Aug-2023
2066,183,5,7,19,183,28-Aug-2023
2067,113,7,7,30,118,29-Aug-2023
2068,105,9,7,47,105,30-Aug-2023
2069,108,10,8,43,108,31-Aug-2023
2070,105,59,8,43,105,01-Sep-2023
2071,130,58,6,29,130,02-Sep-2023
2072,109,45,6,40,109,03-Sep-2023
2073,117,29,7,47,117,04-Sep-2023
2074,52,24,7,34,117,05-Sep-2023
2075,32,19,7,31,117,06-Sep-2023
2076,35,17,8,29,117,07-Sep-2023
2077,9,19,6,8,94,08-Sep-2023
2078,20,20,4,9,88,09-Sep-2023
2079,21,18,,2,67,10-Sep-2023
2080,33,18,7,7,44,11-Sep-2023
2081,13,17,6,17,54,12-Sep-2023
2082,54,20,5,25,54,13-Sep-2023
2083,66,18,5,19,67,14-Sep-2023
2084,48,19,7,28,80,15-Sep-2023
2085,35,11,5,25,54,16-Sep-2023
2086,44,11,5,23,52,17-Sep-2023
2087,33,15,5,27,44,18-Sep-2023
2088,66,27,6,71,71,19-Sep-2023
2089,39,25,8,49,65,20-Sep-2023
2090,41,17,6,50,62,21-Sep-2023
2091,29,15,6,47,62,22-Sep-2023
2092,24,12,7,51,68,23-Sep-2023
2093,22,12,10,51,62,24-Sep-2023
2094,22,11,8,48,64,25-Sep-2023
2095,22,10,7,51,66,26-Sep-2023
2096,52,20,7,54,69,27-Sep-2023
2097,,18,6,65,,28-Sep-2023
2098,134,14,9,61,134,29-Sep-2023
2099,132,12,7,55,132,30-Sep-2023
2100,74,23,6,46,97,01-Oct-2023
2101,47,15,8,46,63,02-Oct-2023
2102,36,9,7,46,64,03-Oct-2023
2103,32,6,7,38,73,04-Oct-2023
2104,14,4,5,45,63,05-Oct-2023
2105,,19,6,54,,06-Oct-2023
2106,217,48,5,58,217,07-Oct-2023
2107,217,55,6,28,217,08-Oct-2023
2108,137,33,4,42,137,09-Oct-2023
2109,159,36,5,39,159,10-Oct-2023
2110,158,39,6,58,158,11-Oct-2023
2111,174,61,5,62,174,12-Oct-2023
2112,185,88,5,71,185,13-Oct-2023
2113,225,79,5,73,225,14-Oct-2023
2114,191,,4,43,191,15-Oct-2023
2115,137,,5,54,137,16-Oct-2023
2116,43,3,8,13,56,17-Oct-2023
2117,,16,9,18,,18-Oct-2023
2118,92,85,8,29,99,19-Oct-2023
2119,115,103,7,26,121,20-Oct-2023
2120,187,,6,22,187,21-Oct-2023
2121,110,122,8,19,145,22-Oct-2023
2122,136,107,6,27,136,23-Oct-2023
2123,149,90,10,22,194,24-Oct-2023
2124,104,69,7,34,283,25-Oct-2023
2125,124,25,9,38,128,26-Oct-2023
2126,112,24,9,35,131,27-Oct-2023
2127,87,78,12,28,143,28-Oct-2023
2128,134,87,12,28,179,29-Oct-2023
2129,142,80,10,23,184,30-Oct-2023
2130,115,83,8,16,202,31-Oct-2023
2131,120,80,11,3,278,01-Nov-2023
2132,99,69,10,20,228,02-Nov-2023
2133,219,80,9,22,234,03-Nov-2023
2134,220,72,8,16,234,04-Nov-2023
2135,339,54,6,21,339,05-Nov-2023
2136,334,47,5,21,334,06-Nov-2023
2137,333,55,6,28,333,07-Nov-2023
2138,319,62,6,19,319,08-Nov-2023
2139,355,98,7,23,380,09-Nov-2023
2140,358,104,7,19,358,10-Nov-2023
2141,246,53,8,28,246,11-Nov-2023
2142,179,37,8,23,179,12-Nov-2023
2143,290,39,19,30,290,13-Nov-2023
2144,254,37,9,32,254,14-Nov-2023
2145,288,43,9,31,288,15-Nov-2023
2146,252,59,8,25,252,16-Nov-2023
2147,258,76,11,16,258,17-Nov-2023
2148,182,46,11,23,182,18-Nov-2023
2149,225,61,11,26,225,19-Nov-2023
2150,256,46,11,28,256,20-Nov-2023
2151,246,47,9,42,246,21-Nov-2023
2152,294,47,6,32,294,22-Nov-2023
2153,324,68,9,41,324,23-Nov-2023
2154,332,81,6,34,332,24-Nov-2023
2155,319,80,8,36,319,25-Nov-2023
2156,336,84,6,24,336,26-Nov-2023
2157,308,101,9,9,308,27-Nov-2023
2158,338,63,7,7,338,28-Nov-2023
2159,349,91,8,15,349,29-Nov-2023
2160,311,80,7,17,311,30-Nov-2023
2161,236,36,11,14,236,01-Dec-2023
2162,246,47,12,21,246,02-Dec-2023
2163,229,42,10,18,229,03-Dec-2023
2164,129,31,7,16,129,04-Dec-2023
2165,68,26,9,10,68,05-Dec-2023
2166,131,37,8,17,131,06-Dec-2023
2167,210,44,11,9,210,07-Dec-2023
2168,151,41,9,17,151,08-Dec-2023
2169,235,38,8,32,235,09-Dec-2023
2170,207,44,7,30,207,10-Dec-2023
2171,212,55,7,24,212,11-Dec-2023
2172,243,62,7,19,243,12-Dec-2023
2173,232,49,7,28,232,13-Dec-2023
2174,228,46,9,23,228,14-Dec-2023
2175,231,57,11,23,231,15-Dec-2023
2176,231,47,6,30,231,16-Dec-2023
2177,263,60,9,29,263,17-Dec-2023
2178,239,53,6,21,239,18-Dec-2023
2179,192,45,9,26,192,19-Dec-2023
2180,229,53,8,23,229,20-Dec-2023
2181,278,62,7,26,278,21-Dec-2023
2182,357,50,16,17,357,22-Dec-2023
2183,349,53,10,11,349,23-Dec-2023
2184,,50,6,14,,24-Dec-2023
2185,228,37,11,18,228,25-Dec-2023
2186,280,48,9,20,280,26-Dec-2023
2187,,55,7,11,,27-Dec-2023
2188,255,38,7,6,255,28-Dec-2023
2189,268,32,8,17,268,29-Dec-2023
2190,246,30,8,7,246,30-Dec-2023
2191,181,49,5,13,181,31-Dec-2023
